condition,t_est,distance,T0,T1,depth,norm_cate,score,t,features,true_score,algorithm,p,execution_time
feature_2 > -1.442 AND feature_0 > 0.985 AND feature_0 > 1.956 AND feature_4 > 0.063,5.848,0.02,0.39,6.24,4,1.0,0.61,3.094,3.0,0.61,CT on D,5,
feature_2 > -1.442 AND feature_0 > 0.985 AND feature_0 > 1.956,4.482,0.02,0.68,5.17,3,0.77,0.47,3.093,2.0,0.61,CT on D,5,
feature_2 > -1.442 AND feature_0 > 0.985 AND feature_0 <= 1.956 AND feature_1 > 0.065 AND feature_3 > 0.052 AND feature_2 <= 0.315,4.398,0.01,0.8,5.2,6,0.75,0.46,2.528,4.0,0.49,CT on D,5,
feature_2 > -1.442 AND feature_0 > 0.985 AND feature_0 <= 1.956 AND feature_1 > 0.065 AND feature_3 > 0.052,3.545,0.03,1.24,4.79,5,0.61,0.38,2.577,4.0,0.51,CT on D,5,
feature_2 > -1.442 AND feature_0 > 0.985 AND feature_0 > 1.956 AND feature_4 <= 0.063,3.401,0.01,0.92,4.32,4,0.58,0.35,3.093,3.0,0.6,CT on D,5,
feature_2 > -1.133 AND feature_0 > 2.006,5.159,0.02,0.62,5.78,2,1.0,0.61,3.085,2.0,0.61,CT on P,5,
feature_2 > -1.133,0.84,0.87,1.16,2.0,1,0.16,0.45,0.814,1.0,0.51,CT on P,5,
feature_2 > -1.133 AND feature_0 <= 2.006,0.735,0.85,1.18,1.91,2,0.14,0.43,0.76,2.0,0.49,CT on P,5,
feature_2 > -1.133 AND feature_0 <= 2.006 AND feature_1 > 0.585 AND feature_1 > 2.054,3.319,0.02,1.35,4.67,4,0.64,0.39,2.331,3.0,0.46,CT on P,5,
feature_2 > -1.133 AND feature_0 <= 2.006 AND feature_1 > 0.585 AND feature_1 <= 2.054 AND feature_0 > 0.805 AND feature_2 > 0.405,2.967,0.02,1.59,4.56,6,0.58,0.35,2.64,3.0,0.52,CT on P,5,
feature_0 > -0.121 AND feature_1 > 1.028 AND feature_0 <= 0.672 AND feature_3 <= -1.563,15.012,0.0,,,4,1.0,0.6,1.879,3.0,0.31,CF,5,8.28
feature_0 > 0.297 AND feature_1 <= 0.986 AND feature_0 > 1.537 AND feature_0 > 2.547,9.114,0.01,,,4,0.61,0.37,3.328,2.0,0.56,CF,5,8.28
feature_0 > 0.124 AND feature_0 > 1.943 AND feature_4 > 0.069 AND feature_0 > 2.354,8.911,0.01,,,4,0.59,0.36,3.263,2.0,0.55,CF,5,8.28
feature_0 > 0.361 AND feature_0 > 1.991 AND feature_3 > 0.935,8.851,0.01,,,3,0.59,0.36,3.134,2.0,0.53,CF,5,8.28
feature_0 > -0.033 AND feature_1 > 0.507 AND feature_0 > 1.871 AND feature_4 > 0.426,8.687,0.0,,,4,0.58,0.35,3.603,3.0,0.6,CF,5,8.28
feature_0 > -0.095 AND feature_0 > 1.33 AND feature_0 > 1.947 AND feature_0 > 2.417,3.12,0.01,,,4,1.0,0.6,3.373,1.0,0.6,CF SingleTree,5,0.61
feature_0 > -0.095 AND feature_0 > 1.33 AND feature_0 > 1.947,2.834,0.03,,,3,0.91,0.56,3.086,1.0,0.56,CF SingleTree,5,0.61
feature_0 > -0.095 AND feature_0 > 1.33 AND feature_0 > 1.947 AND feature_0 <= 2.417,2.671,0.02,,,4,0.86,0.52,2.923,1.0,0.53,CF SingleTree,5,0.61
feature_0 > -0.095 AND feature_0 > 1.33,2.226,0.08,,,2,0.71,0.46,2.594,1.0,0.49,CF SingleTree,5,0.61
feature_0 > -0.095,1.406,0.43,,,1,0.45,0.44,1.544,1.0,0.45,CF SingleTree,5,0.61
feature_0 > -1.44 AND feature_0 > -0.083 AND feature_1 > -0.658 AND feature_4 > -1.467 AND feature_1 > 1.942,3.931,0.01,1.92,5.85,5,1.0,0.6,3.134,3.0,0.6,CT on D,5,
feature_0 > -1.44,1.056,0.88,0.9,1.95,1,0.27,0.51,0.964,1.0,0.54,CT on D,5,
feature_0 > -1.44 AND feature_0 > -0.083,1.689,0.52,0.81,2.5,2,0.43,0.47,1.558,1.0,0.51,CT on D,5,
feature_0 > -1.44 AND feature_0 > -0.083 AND feature_1 > -0.658,1.944,0.39,0.95,2.89,3,0.49,0.45,1.745,2.0,0.49,CT on D,5,
feature_0 > -1.44 AND feature_0 > -0.083 AND feature_1 <= -0.658 AND feature_0 > 1.359 AND feature_1 > -1.225,2.902,0.01,0.19,3.09,5,0.74,0.45,2.146,2.0,0.41,CT on D,5,
feature_0 > -1.808 AND feature_0 > -0.252 AND feature_0 > 1.762 AND feature_1 > -0.523 AND feature_4 <= 0.004,4.407,0.01,0.93,5.34,5,1.0,0.6,3.179,3.0,0.59,CT on P,5,
feature_0 > -1.808 AND feature_0 > -0.252 AND feature_0 <= 1.762 AND feature_1 > 1.464 AND feature_4 > -0.431 AND feature_2 > -0.272,4.007,0.01,0.89,4.89,6,0.91,0.55,2.579,4.0,0.48,CT on P,5,
feature_0 > -1.808 AND feature_0 > -0.252 AND feature_0 > 1.762 AND feature_1 > -0.523,3.858,0.02,1.58,5.44,4,0.88,0.53,3.268,2.0,0.61,CT on P,5,
feature_0 > -1.808,0.994,0.97,0.82,1.81,1,0.23,0.52,0.893,1.0,0.55,CT on P,5,
feature_0 > -1.808 AND feature_0 > -0.252 AND feature_0 <= 1.762 AND feature_1 > 1.464 AND feature_4 > -0.431,3.475,0.03,1.15,4.62,5,0.79,0.49,2.575,3.0,0.48,CT on P,5,
feature_0 > -0.216 AND feature_1 > 1.247 AND feature_0 > 1.164 AND feature_0 > 1.951,9.017,0.0,,,4,1.0,0.6,4.208,2.0,0.6,CF,5,6.06
feature_0 > -0.243 AND feature_1 > 1.4 AND feature_0 > 0.993 AND feature_2 <= -0.603,8.367,0.0,,,4,0.93,0.56,3.54,3.0,0.5,CF,5,6.06
feature_0 > 1.34 AND feature_1 > 0.198 AND feature_1 <= 1.875 AND feature_2 <= -1.274,7.306,0.0,,,4,0.81,0.49,3.155,3.0,0.45,CF,5,6.06
feature_0 > -1.295 AND feature_1 > 1.578 AND feature_1 <= 2.153 AND feature_0 > 1.558,7.057,0.0,,,4,0.78,0.47,3.877,2.0,0.55,CF,5,6.06
feature_0 > -1.6,0.963,0.9,,,1,0.11,0.42,0.929,1.0,0.49,CF,5,6.06
feature_0 > -0.143 AND feature_1 > 0.552 AND feature_0 > 0.91 AND feature_1 > 1.243,2.528,0.02,,,4,1.0,0.61,3.379,2.0,0.61,CF SingleTree,5,0.62
feature_0 > -0.143 AND feature_1 > 0.552 AND feature_0 > 0.91,2.233,0.06,,,3,0.88,0.55,2.951,2.0,0.55,CF SingleTree,5,0.62
feature_0 > -0.143,1.373,0.54,,,1,0.54,0.54,1.522,1.0,0.49,CF SingleTree,5,0.62
feature_0 > -0.143 AND feature_1 > 0.552,1.825,0.17,,,2,0.72,0.5,2.197,2.0,0.46,CF SingleTree,5,0.62
feature_0 > -0.143 AND feature_1 > 0.552 AND feature_0 > 0.91 AND feature_1 <= 1.243,2.052,0.03,,,4,0.81,0.5,2.689,2.0,0.49,CF SingleTree,5,0.62
feature_2 <= 0.772 AND feature_0 > -1.254 AND feature_0 > 0.069 AND feature_1 > 1.31 AND feature_0 > 0.415 AND feature_3 <= -0.499,4.086,0.01,0.9,4.98,6,1.0,0.6,3.093,4.0,0.6,CT on D,5,
feature_2 <= 0.772 AND feature_0 > -1.254 AND feature_0 > 0.069 AND feature_1 > 1.31 AND feature_0 > 0.415,3.462,0.02,1.23,4.69,5,0.85,0.52,3.053,3.0,0.6,CT on D,5,
feature_2 <= 0.772 AND feature_0 <= -1.254 AND feature_1 <= 1.06 AND feature_3 <= 0.097 AND feature_1 <= -0.398,3.43,0.01,1.83,-1.6,5,0.84,0.51,1.418,4.0,0.28,CT on D,5,
feature_2 <= 0.772 AND feature_0 > -1.254 AND feature_0 > 0.069 AND feature_1 > 1.31 AND feature_0 > 0.415 AND feature_3 > -0.499,3.053,0.01,1.45,4.5,6,0.75,0.45,3.027,4.0,0.59,CT on D,5,
feature_2 <= 0.772 AND feature_0 > -1.254 AND feature_0 > 0.069 AND feature_1 > 1.31,2.916,0.03,1.5,4.42,4,0.71,0.44,2.805,3.0,0.56,CT on D,5,
feature_0 > -0.385 AND feature_1 > -2.12 AND feature_0 > 0.154 AND feature_1 > 1.349 AND feature_0 > 0.66,3.488,0.02,1.42,4.91,5,1.0,0.61,3.222,2.0,0.61,CT on P,5,
feature_0 > -0.385 AND feature_1 > -2.12 AND feature_0 > 0.154 AND feature_1 > 1.349,2.817,0.04,1.67,4.49,4,0.81,0.5,2.866,2.0,0.55,CT on P,5,
feature_0 > -0.385 AND feature_1 > -2.12 AND feature_0 > 0.154 AND feature_1 <= 1.349 AND feature_0 > 2.111,2.852,0.02,1.48,4.33,5,0.82,0.5,3.185,2.0,0.6,CT on P,5,
feature_0 > -0.385,1.358,0.65,0.95,2.3,1,0.39,0.49,1.367,1.0,0.51,CT on P,5,
feature_0 > -0.385 AND feature_1 > -2.12,1.378,0.64,0.95,2.32,2,0.4,0.49,1.382,2.0,0.51,CT on P,5,
feature_0 > -0.913 AND feature_0 > 1.045 AND feature_0 > 2.323 AND feature_1 > 1.079,17.7,0.0,,,4,1.0,0.6,4.5,2.0,0.6,CF,5,6.52
feature_0 > 0.189 AND feature_2 <= -1.289 AND feature_0 > 1.416 AND feature_1 <= -0.488,13.473,0.0,,,4,0.76,0.46,2.107,3.0,0.28,CF,5,6.52
feature_0 > -1.283,0.832,0.68,,,1,0.05,0.3,0.997,1.0,0.4,CF,5,6.52
feature_0 > -1.355,0.642,0.69,,,1,0.04,0.3,0.978,1.0,0.41,CF,5,6.52
feature_0 > -1.027,0.974,0.66,,,1,0.06,0.3,1.078,1.0,0.41,CF,5,6.52
feature_0 > 0.086 AND feature_1 > 0.573 AND feature_0 > 0.318 AND feature_0 > 1.225,2.029,0.03,,,4,1.0,0.61,3.216,2.0,0.61,CF SingleTree,5,0.63
feature_0 > 0.086 AND feature_1 > 0.573 AND feature_0 > 0.318,1.804,0.1,,,3,0.89,0.57,2.506,2.0,0.51,CF SingleTree,5,0.63
feature_0 > 0.086,1.365,0.4,,,1,0.67,0.56,1.655,1.0,0.47,CF SingleTree,5,0.63
feature_0 > 0.086 AND feature_1 > 0.573,1.712,0.12,,,2,0.84,0.55,2.352,2.0,0.49,CF SingleTree,5,0.63
feature_0 > 0.086 AND feature_1 > 0.573 AND feature_0 > 0.318 AND feature_0 <= 1.225,1.711,0.07,,,4,0.84,0.53,2.214,2.0,0.44,CF SingleTree,5,0.63
feature_0 > 1.905 AND feature_1 > 0.205,4.957,0.01,1.55,6.5,2,1.0,0.6,3.615,2.0,0.6,CT on D,5,
feature_0 <= 1.905 AND feature_0 > -0.514 AND feature_1 > -0.265 AND feature_0 > 1.131 AND feature_4 <= 0.92 AND feature_4 > 0.054,3.956,0.02,0.61,4.57,6,0.8,0.49,2.555,3.0,0.43,CT on D,5,
feature_0 > 1.905,3.776,0.03,1.05,4.83,1,0.76,0.47,3.102,1.0,0.53,CT on D,5,
feature_0 <= 1.905,0.89,0.76,0.94,1.83,1,0.18,0.41,0.734,1.0,0.43,CT on D,5,
feature_0 <= 1.905 AND feature_0 > -0.514 AND feature_1 > -0.265 AND feature_0 > 1.131 AND feature_4 <= 0.92,3.142,0.04,0.72,3.86,5,0.63,0.4,2.523,3.0,0.43,CT on D,5,
feature_4 <= 2.317 AND feature_0 > -0.438 AND feature_1 > 1.17 AND feature_3 > -0.298 AND feature_4 <= 0.75 AND feature_0 > 0.271,4.259,0.02,1.33,5.59,6,1.0,0.61,2.775,4.0,0.61,CT on P,5,
feature_4 <= 2.317 AND feature_0 > -0.438 AND feature_1 > 1.17 AND feature_3 > -0.298 AND feature_4 <= 0.75,3.884,0.03,1.07,4.96,5,0.91,0.56,2.278,4.0,0.5,CT on P,5,
feature_4 <= 2.317,0.929,0.99,1.1,2.03,1,0.22,0.53,0.796,1.0,0.57,CT on P,5,
feature_4 <= 2.317 AND feature_0 > -0.438 AND feature_1 > 1.17 AND feature_3 > -0.298 AND feature_4 <= 0.75 AND feature_0 <= 0.271,3.51,0.02,0.81,4.32,6,0.82,0.5,1.719,4.0,0.38,CT on P,5,
feature_4 <= 2.317 AND feature_0 > -0.438 AND feature_1 > 1.17 AND feature_3 > -0.298,3.346,0.05,1.76,5.11,4,0.79,0.49,2.306,4.0,0.52,CT on P,5,
feature_0 <= -0.399 AND feature_0 > -1.003 AND feature_4 > 1.615 AND feature_1 <= -0.789,12.456,0.0,,,4,1.0,0.6,0.477,3.0,0.08,CF,5,6.99
feature_0 <= -0.476 AND feature_1 <= -0.392 AND feature_2 <= -1.219 AND feature_1 <= -1.188,12.263,0.0,,,4,0.98,0.59,0.978,3.0,0.16,CF,5,6.99
feature_0 > 1.321 AND feature_1 <= 0.288 AND feature_4 > -1.732 AND feature_0 > 2.315,8.797,0.01,,,4,0.71,0.43,3.065,3.0,0.51,CF,5,6.99
feature_0 <= 0.428 AND feature_0 > -0.841 AND feature_1 > 1.588 AND feature_4 <= -1.348,8.464,0.0,,,4,0.68,0.41,1.704,3.0,0.28,CF,5,6.99
feature_0 > 0.222 AND feature_1 > 1.271 AND feature_4 <= 1.048 AND feature_1 > 2.192,8.357,0.0,,,4,0.67,0.4,3.602,3.0,0.6,CF,5,6.99
feature_0 > -0.178 AND feature_0 > 1.332 AND feature_1 > 0.482 AND feature_0 > 1.519,2.925,0.02,,,4,1.0,0.61,3.406,2.0,0.61,CF SingleTree,5,0.61
feature_0 > -0.178 AND feature_0 > 1.332 AND feature_1 > 0.482,2.759,0.03,,,3,0.94,0.58,3.234,2.0,0.58,CF SingleTree,5,0.61
feature_0 > -0.178 AND feature_0 > 1.332,2.223,0.09,,,2,0.76,0.49,2.559,1.0,0.49,CF SingleTree,5,0.61
feature_0 > -0.178 AND feature_0 > 1.332 AND feature_1 > 0.482 AND feature_0 <= 1.519,2.376,0.01,,,4,0.81,0.49,2.828,2.0,0.5,CF SingleTree,5,0.61
feature_0 > -0.178,1.383,0.48,,,1,0.47,0.48,1.481,1.0,0.45,CF SingleTree,5,0.61
feature_3 <= -0.767 AND feature_0 > -0.398 AND feature_1 > 0.704 AND feature_0 > 0.543,3.918,0.01,0.15,4.07,4,1.0,0.6,2.753,3.0,0.58,CT on D,5,
feature_3 > -0.767 AND feature_0 > 0.261 AND feature_0 > 1.242 AND feature_1 > -0.049 AND feature_2 <= -0.234,3.845,0.01,1.2,5.04,5,0.98,0.59,2.89,4.0,0.6,CT on D,5,
feature_3 > -0.767 AND feature_0 > 0.261 AND feature_0 <= 1.242 AND feature_1 > 0.121 AND feature_3 <= -0.5,3.258,0.01,0.1,3.35,5,0.83,0.5,1.905,3.0,0.4,CT on D,5,
feature_3 > -0.767 AND feature_0 <= 0.261 AND feature_0 <= -1.732 AND feature_1 <= 0.06,3.175,0.02,2.49,-0.69,4,0.81,0.49,1.733,3.0,0.37,CT on D,5,
feature_3 > -0.767 AND feature_0 > 0.261 AND feature_0 > 1.242 AND feature_1 > -0.049,3.001,0.03,1.61,4.61,4,0.77,0.47,2.884,3.0,0.61,CT on D,5,
feature_1 > -1.921 AND feature_0 > -0.609 AND feature_0 > 1.098 AND feature_1 > -0.218 AND feature_2 > -0.106 AND feature_1 > 0.437,4.15,0.01,0.67,4.82,6,1.0,0.6,3.015,3.0,0.6,CT on P,5,
feature_1 > -1.921 AND feature_0 > -0.609 AND feature_0 > 1.098 AND feature_1 <= -0.218 AND feature_3 > 0.095 AND feature_0 > 1.425,3.814,0.02,0.02,3.83,6,0.92,0.56,2.222,3.0,0.45,CT on P,5,
feature_1 > -1.921,0.722,0.96,0.8,1.52,1,0.17,0.49,0.828,1.0,0.55,CT on P,5,
feature_1 > -1.921 AND feature_0 > -0.609 AND feature_0 > 1.098 AND feature_1 > -0.218 AND feature_2 > -0.106,3.082,0.04,0.93,4.02,5,0.74,0.46,2.744,3.0,0.56,CT on P,5,
feature_1 > -1.921 AND feature_0 > -0.609,1.249,0.7,0.61,1.86,2,0.3,0.46,1.278,2.0,0.53,CT on P,5,
feature_0 > 1.126 AND feature_1 > 0.75 AND feature_3 > 0.976 AND feature_2 <= 0.213,35.688,0.0,,,4,1.0,0.6,3.175,4.0,0.6,CF,5,7.3
feature_1 <= 0.906,1.094,0.99,,,1,0.03,0.41,0.612,1.0,0.51,CF,5,7.3
feature_1 <= 0.799,0.801,0.95,,,1,0.02,0.39,0.589,1.0,0.49,CF,5,7.3
feature_1 <= 0.634,0.693,0.9,,,1,0.02,0.37,0.557,1.0,0.47,CF,5,7.3
feature_1 <= 0.55,0.72,0.87,,,1,0.02,0.36,0.543,1.0,0.45,CF,5,7.3
feature_0 > 0.053 AND feature_0 > 1.117 AND feature_1 > 0.592 AND feature_1 > 0.924,2.805,0.0,,,4,1.0,0.6,3.337,2.0,0.6,CF SingleTree,5,0.6
feature_0 > 0.053 AND feature_0 > 1.117 AND feature_1 > 0.592,2.68,0.01,,,3,0.96,0.58,3.148,2.0,0.57,CF SingleTree,5,0.6
feature_0 > 0.053 AND feature_0 > 1.117 AND feature_1 > 0.592 AND feature_1 <= 0.924,2.421,0.01,,,4,0.86,0.52,2.759,2.0,0.5,CF SingleTree,5,0.6
feature_0 > 0.053 AND feature_0 > 1.117,2.074,0.13,,,2,0.74,0.5,2.432,1.0,0.49,CF SingleTree,5,0.6
feature_0 > 0.053,1.512,0.43,,,1,0.54,0.5,1.638,1.0,0.47,CF SingleTree,5,0.6
feature_1 > 1.47 AND feature_0 > -0.267 AND feature_1 > 1.631 AND feature_0 > 0.7,4.851,0.0,1.48,6.33,4,1.0,0.6,3.502,2.0,0.6,CT on D,5,
feature_1 <= 1.47 AND feature_0 > -0.497 AND feature_0 > 0.86 AND feature_1 > -0.095 AND feature_2 <= -1.012,3.619,0.0,0.82,4.44,5,0.75,0.45,2.555,3.0,0.44,CT on D,5,
feature_1 > 1.47 AND feature_0 > -0.267 AND feature_1 > 1.631,3.557,0.0,1.58,5.14,3,0.73,0.44,2.788,2.0,0.48,CT on D,5,
feature_1 > 1.47 AND feature_0 > -0.267,3.294,0.0,1.41,4.7,2,0.68,0.41,2.658,2.0,0.46,CT on D,5,
feature_1 <= 1.47 AND feature_0 > -0.497 AND feature_0 > 0.86 AND feature_1 > -0.095 AND feature_2 > -1.012 AND feature_1 > 0.536,3.165,0.0,1.37,4.54,6,0.65,0.39,2.683,3.0,0.46,CT on D,5,
feature_1 > -1.392 AND feature_1 <= -0.505 AND feature_0 <= 0.02 AND feature_0 <= -1.684,2.609,0.03,2.22,-0.39,4,1.0,0.61,1.676,2.0,0.61,CT on P,5,
feature_1 <= -1.392 AND feature_2 <= -0.426 AND feature_0 > 0.373,2.13,0.03,-0.72,1.41,3,0.82,0.5,1.208,3.0,0.44,CT on P,5,
feature_1 > -1.392 AND feature_1 <= -0.505 AND feature_0 > 0.02 AND feature_3 > 1.187,2.094,0.03,0.88,2.97,4,0.8,0.49,1.177,3.0,0.43,CT on P,5,
feature_1 > -1.392 AND feature_1 <= -0.505 AND feature_0 > 0.02 AND feature_3 <= 1.187 AND feature_2 <= -0.966,1.916,0.05,-0.04,1.87,5,0.73,0.46,1.174,4.0,0.44,CT on P,5,
feature_1 > -1.392 AND feature_1 <= -0.505 AND feature_0 > 0.02,1.297,0.35,0.47,1.76,3,0.5,0.44,1.164,2.0,0.56,CT on P,5,
feature_0 > 0.17 AND feature_0 > 1.536 AND feature_2 > 1.176 AND feature_1 > 0.15,52.957,0.0,,,4,1.0,0.6,3.258,3.0,0.6,CF,5,15.04
feature_0 > 0.17 AND feature_1 > 0.703 AND feature_3 > 1.486 AND feature_0 > 0.668,47.442,0.0,,,4,0.9,0.54,2.744,3.0,0.51,CF,5,15.04
feature_0 <= -0.28 AND feature_1 <= -0.225 AND feature_0 <= -1.717 AND feature_2 > 0.995,32.197,0.01,,,4,0.61,0.37,1.808,3.0,0.34,CF,5,15.04
feature_0 > -0.783 AND feature_1 <= -0.481,0.812,0.77,,,2,0.02,0.32,0.664,2.0,0.43,CF,5,15.04
feature_0 <= 0.565 AND feature_0 > -1.717 AND feature_1 <= 1.492 AND feature_1 <= -0.426,0.194,0.66,,,4,0.0,0.27,0.055,2.0,0.27,CF,5,15.04
feature_0 > 0.133 AND feature_1 > 0.712 AND feature_0 > 0.73 AND feature_1 > 1.267,2.62,0.0,,,4,1.0,0.6,3.192,2.0,0.6,CF SingleTree,5,0.64
feature_0 > 0.133 AND feature_1 > 0.712 AND feature_0 > 0.73,2.358,0.0,,,3,0.9,0.54,2.855,2.0,0.54,CF SingleTree,5,0.64
feature_0 > 0.133 AND feature_1 > 0.712 AND feature_0 > 0.73 AND feature_1 <= 1.267,2.18,0.0,,,4,0.83,0.5,2.627,2.0,0.49,CF SingleTree,5,0.64
feature_0 > 0.133 AND feature_1 > 0.712 AND feature_0 <= 0.73 AND feature_1 > 1.227,2.148,0.0,,,4,0.82,0.49,2.298,2.0,0.43,CF SingleTree,5,0.64
feature_0 > 0.133 AND feature_1 > 0.712,2.136,0.0,,,2,0.82,0.49,2.442,2.0,0.46,CF SingleTree,5,0.64
feature_4 <= 1.753 AND feature_0 > 0.556 AND feature_0 > 1.999 AND feature_1 > 0.112,3.973,0.01,1.8,5.77,4,1.0,0.6,3.709,3.0,0.6,CT on D,5,
feature_4 <= 1.753 AND feature_0 > 0.556 AND feature_0 <= 1.999 AND feature_1 > 0.937 AND feature_0 <= 0.804,3.752,0.01,0.66,4.41,5,0.94,0.57,2.321,3.0,0.38,CT on D,5,
feature_4 <= 1.753 AND feature_0 > 0.556 AND feature_0 > 1.999,3.671,0.02,1.14,4.81,3,0.92,0.56,3.238,2.0,0.53,CT on D,5,
feature_4 <= 1.753 AND feature_0 > 0.556 AND feature_0 > 1.999 AND feature_1 <= 0.112,3.363,0.01,0.47,3.84,4,0.85,0.51,2.761,3.0,0.45,CT on D,5,
feature_4 <= 1.753 AND feature_0 > 0.556 AND feature_0 <= 1.999 AND feature_1 > 0.937,3.207,0.04,1.61,4.82,4,0.81,0.5,2.723,3.0,0.46,CT on D,5,
feature_3 <= -0.338 AND feature_0 > 0.502 AND feature_1 > -1.323 AND feature_1 > 1.111,3.05,0.03,1.29,4.34,4,1.0,0.61,2.969,3.0,0.61,CT on P,5,
feature_3 <= -0.338 AND feature_0 > 0.502 AND feature_1 > -1.323 AND feature_1 <= 1.111 AND feature_3 <= -1.627,2.731,0.03,-0.21,2.52,5,0.9,0.55,1.806,3.0,0.38,CT on P,5,
feature_3 <= -0.338 AND feature_0 <= 0.502 AND feature_1 > 0.368 AND feature_0 > -0.162 AND feature_3 <= -0.684 AND feature_1 > 0.855,2.534,0.03,0.39,2.92,6,0.83,0.51,1.812,3.0,0.38,CT on P,5,
feature_3 <= -0.338 AND feature_0 > 0.502 AND feature_1 > -1.323,2.038,0.23,0.47,2.51,3,0.67,0.49,1.993,3.0,0.49,CT on P,5,
feature_3 <= -0.338,0.676,0.88,0.58,1.26,1,0.22,0.48,0.772,1.0,0.51,CT on P,5,
feature_0 > 0.56 AND feature_1 > 1.01 AND feature_0 > 1.398 AND feature_1 <= 1.245,15.709,0.0,,,4,1.0,0.6,3.239,2.0,0.49,CF,5,9.61
feature_0 > 0.352 AND feature_1 > 0.671 AND feature_0 > 1.398 AND feature_4 <= -0.717,9.075,0.0,,,4,0.58,0.35,3.234,3.0,0.49,CF,5,9.61
feature_0 > 1.33 AND feature_1 <= 0.72 AND feature_3 > 0.92 AND feature_3 <= 1.133,6.937,0.0,,,4,0.44,0.26,2.346,3.0,0.36,CF,5,9.61
feature_0 > 0.546 AND feature_1 > 0.289 AND feature_0 > 2.104 AND feature_3 <= -0.426,6.805,0.01,,,4,0.43,0.26,3.947,3.0,0.6,CF,5,9.61
feature_0 > 0.341 AND feature_0 > 1.995 AND feature_1 > 0.501 AND feature_2 > -0.162,6.895,0.0,,,4,0.44,0.26,3.828,3.0,0.58,CF,5,9.61
feature_0 > 0.503 AND feature_1 > 0.723 AND feature_0 > 1.384 AND feature_1 > 0.997,2.786,0.01,,,4,1.0,0.6,3.667,2.0,0.6,CF SingleTree,5,0.69
feature_0 > 0.503 AND feature_1 > 0.723 AND feature_0 > 1.384,2.653,0.02,,,3,0.95,0.58,3.423,2.0,0.57,CF SingleTree,5,0.69
feature_0 > 0.503 AND feature_1 > 0.723 AND feature_0 > 1.384 AND feature_1 <= 0.997,2.438,0.01,,,4,0.88,0.53,3.03,2.0,0.5,CF SingleTree,5,0.69
feature_0 > 0.503 AND feature_1 > 0.723,2.161,0.06,,,2,0.78,0.49,2.677,2.0,0.46,CF SingleTree,5,0.69
feature_0 > 0.503 AND feature_1 > 0.723 AND feature_0 <= 1.384 AND feature_0 > 0.558,2.051,0.04,,,4,0.74,0.46,2.473,2.0,0.42,CF SingleTree,5,0.69
feature_0 > 1.773 AND feature_0 > 1.917 AND feature_1 <= 0.158,3.878,0.01,-0.07,3.81,3,1.0,0.6,2.764,2.0,0.53,CT on D,5,
feature_0 > 1.773 AND feature_0 > 1.917,3.458,0.03,1.11,4.57,2,0.89,0.55,3.124,1.0,0.61,CT on D,5,
feature_0 > 1.773,3.117,0.04,1.12,4.24,1,0.8,0.5,3.001,1.0,0.59,CT on D,5,
feature_0 <= 1.773 AND feature_0 > -0.301 AND feature_0 > 0.186 AND feature_1 > 1.205 AND feature_0 <= 0.763 AND feature_4 <= -0.132,3.112,0.01,0.83,3.94,6,0.8,0.49,2.36,3.0,0.46,CT on D,5,
feature_0 <= 1.773 AND feature_0 > -0.301 AND feature_0 > 0.186 AND feature_1 > 1.205 AND feature_0 <= 0.763,2.985,0.03,1.24,4.23,5,0.77,0.47,2.347,2.0,0.46,CT on D,5,
feature_0 > -1.807 AND feature_0 > 0.414 AND feature_0 > 1.681 AND feature_4 > -0.426 AND feature_3 <= -0.005,4.063,0.01,0.78,4.84,5,1.0,0.6,2.98,3.0,0.6,CT on P,5,
feature_0 > -1.807 AND feature_0 > 0.414 AND feature_0 <= 1.681 AND feature_1 > 0.526 AND feature_4 > 0.809 AND feature_4 <= 1.226,3.934,0.01,1.3,5.23,6,0.97,0.58,2.35,3.0,0.48,CT on P,5,
feature_0 > -1.807 AND feature_0 > 0.414 AND feature_0 > 1.681 AND feature_4 > -0.426,3.537,0.03,1.54,5.08,4,0.87,0.53,2.96,2.0,0.61,CT on P,5,
feature_0 > -1.807,0.873,0.97,0.99,1.86,1,0.21,0.52,0.873,1.0,0.56,CT on P,5,
feature_0 > -1.807 AND feature_0 > 0.414 AND feature_0 <= 1.681 AND feature_1 > 0.526 AND feature_4 > 0.809,3.129,0.02,2.05,5.18,5,0.77,0.47,2.354,3.0,0.48,CT on P,5,
feature_0 > 0.3 AND feature_1 <= 1.368 AND feature_0 > 1.849 AND feature_3 <= -1.033,49.977,0.0,,,4,1.0,0.6,2.984,3.0,0.6,CF,5,6.41
feature_0 <= 1.107 AND feature_1 > -1.121,0.617,0.86,,,2,0.01,0.35,0.648,2.0,0.47,CF,5,6.41
feature_0 <= 1.454,0.731,0.81,,,1,0.01,0.33,0.654,1.0,0.46,CF,5,6.41
feature_0 <= 1.375,0.715,0.8,,,1,0.01,0.33,0.638,1.0,0.45,CF,5,6.41
feature_0 <= 1.364,0.671,0.8,,,1,0.01,0.33,0.634,1.0,0.45,CF,5,6.41
feature_0 > 0.146 AND feature_0 > 1.291 AND feature_0 > 1.839 AND feature_0 > 1.926,2.432,0.03,,,4,1.0,0.61,3.131,1.0,0.61,CF SingleTree,5,0.68
feature_0 > 0.146 AND feature_0 > 1.291 AND feature_0 > 1.839,2.4,0.03,,,3,0.99,0.6,3.076,1.0,0.6,CF SingleTree,5,0.68
feature_0 > 0.146 AND feature_0 > 1.291 AND feature_0 > 1.839 AND feature_0 <= 1.926,2.274,0.01,,,4,0.94,0.57,2.852,1.0,0.55,CF SingleTree,5,0.68
feature_0 > 0.146 AND feature_0 > 1.291,2.084,0.09,,,2,0.86,0.55,2.574,1.0,0.53,CF SingleTree,5,0.68
feature_0 > 0.146 AND feature_0 > 1.291 AND feature_0 <= 1.839 AND feature_1 > 0.479,2.126,0.02,,,4,0.87,0.53,2.929,2.0,0.57,CF SingleTree,5,0.68
feature_2 <= 1.135 AND feature_3 <= 2.187 AND feature_0 > -0.186 AND feature_0 > 0.598 AND feature_1 > 0.104 AND feature_0 > 1.84,3.815,0.01,1.69,5.5,6,1.0,0.6,3.462,4.0,0.6,CT on D,5,
feature_2 <= 1.135 AND feature_3 <= 2.187 AND feature_0 > -0.186 AND feature_0 > 0.598 AND feature_1 > 0.104,2.658,0.05,1.3,3.96,5,0.7,0.44,2.461,4.0,0.45,CT on D,5,
feature_2 > 1.135 AND feature_1 > -0.275 AND feature_3 > -0.938 AND feature_0 > 0.559,2.62,0.06,1.39,4.01,4,0.69,0.44,2.284,4.0,0.42,CT on D,5,
feature_2 <= 1.135 AND feature_3 <= 2.187 AND feature_0 > -0.186 AND feature_0 > 0.598 AND feature_1 > 0.104 AND feature_0 <= 1.84,2.494,0.05,1.24,3.74,6,0.65,0.41,2.32,4.0,0.42,CT on D,5,
feature_2 <= 1.135 AND feature_3 <= 2.187 AND feature_0 > -0.186 AND feature_0 > 0.598,2.163,0.1,0.68,2.84,4,0.57,0.38,2.031,3.0,0.39,CT on D,5,
feature_2 <= 1.459 AND feature_1 > 1.107 AND feature_4 > -0.437 AND feature_2 > 0.804,3.916,0.03,-0.03,3.89,4,1.0,0.61,1.838,3.0,0.5,CT on P,5,
feature_2 <= 1.459 AND feature_1 <= 1.107 AND feature_0 > -0.254 AND feature_1 > -0.228 AND feature_0 > 0.818 AND feature_2 > 0.861,3.799,0.03,0.26,4.06,6,0.97,0.59,2.241,3.0,0.6,CT on P,5,
feature_2 <= 1.459 AND feature_1 > 1.107 AND feature_4 > -0.437,2.953,0.07,0.82,3.77,3,0.75,0.48,1.848,3.0,0.52,CT on P,5,
feature_2 <= 1.459 AND feature_1 <= 1.107 AND feature_0 > -0.254 AND feature_1 > -0.228 AND feature_0 > 0.818,2.681,0.07,0.73,3.41,5,0.68,0.44,2.275,3.0,0.63,CT on P,5,
feature_2 <= 1.459,0.813,0.77,1.14,1.95,1,0.21,0.43,0.799,1.0,0.52,CT on P,5,
feature_0 > 0.509 AND feature_1 > 1.103 AND feature_2 > 0.575 AND feature_2 > 1.352,38.247,0.01,,,4,1.0,0.6,3.024,3.0,0.6,CF,5,10.26
feature_0 > -0.175 AND feature_2 > 0.315,1.554,0.52,,,2,0.04,0.23,1.488,2.0,0.5,CF,5,10.26
feature_0 <= 0.318 AND feature_2 > 0.59,0.375,0.54,,,2,0.01,0.22,0.204,2.0,0.26,CF,5,10.26
feature_0 > -0.175 AND feature_2 > 0.315 AND feature_0 <= 1.548,1.314,0.47,,,3,0.03,0.21,1.346,2.0,0.46,CF,5,10.26
feature_0 > -0.391 AND feature_1 <= 0.889 AND feature_0 <= 1.265 AND feature_2 > 0.484,0.907,0.44,,,4,0.02,0.19,0.956,3.0,0.37,CF,5,10.26
feature_0 > -0.164 AND feature_0 > 0.656 AND feature_1 > 0.695 AND feature_0 > 1.451,2.512,0.02,,,4,1.0,0.61,3.442,2.0,0.61,CF SingleTree,5,0.68
feature_0 > -0.164 AND feature_0 > 0.656 AND feature_1 > 0.695,2.26,0.05,,,3,0.9,0.56,2.802,2.0,0.51,CF SingleTree,5,0.68
feature_0 > -0.164 AND feature_0 > 0.656 AND feature_1 > 0.695 AND feature_0 <= 1.451,2.157,0.03,,,4,0.86,0.53,2.543,2.0,0.46,CF SingleTree,5,0.68
feature_0 > -0.164 AND feature_0 > 0.656 AND feature_1 <= 0.695 AND feature_0 > 1.455,1.991,0.05,,,4,0.79,0.5,2.46,2.0,0.45,CF SingleTree,5,0.68
feature_0 > -0.164 AND feature_0 > 0.656,1.778,0.16,,,2,0.71,0.49,2.07,1.0,0.42,CF SingleTree,5,0.68
feature_4 > -1.937 AND feature_0 > 0.611 AND feature_1 > -0.045 AND feature_0 > 1.813,3.907,0.02,1.29,5.19,4,1.0,0.61,3.337,3.0,0.61,CT on D,5,
feature_4 > -1.937 AND feature_0 <= 0.611 AND feature_0 > -0.806 AND feature_1 > 1.23 AND feature_1 > 1.771,3.57,0.02,0.5,4.07,5,0.91,0.56,2.195,3.0,0.4,CT on D,5,
feature_4 > -1.937 AND feature_0 > 0.611 AND feature_1 > -0.045 AND feature_0 <= 1.813 AND feature_3 <= 0.399 AND feature_1 > 0.489,3.002,0.05,0.93,3.93,6,0.77,0.48,2.503,4.0,0.47,CT on D,5,
feature_4 > -1.937,0.825,0.88,0.94,1.76,1,0.21,0.48,0.792,1.0,0.49,CT on D,5,
feature_4 <= -1.937 AND feature_0 > 0.139,2.972,0.01,-0.41,2.56,2,0.76,0.46,1.624,2.0,0.3,CT on D,5,
feature_4 > -2.239 AND feature_0 > 0.29 AND feature_1 > 0.541 AND feature_0 > 1.046 AND feature_4 > -0.323 AND feature_1 > 1.089,4.526,0.01,1.18,5.71,6,1.0,0.6,3.378,3.0,0.6,CT on P,5,
feature_4 > -2.239 AND feature_0 > 0.29 AND feature_1 > 0.541 AND feature_0 > 1.046 AND feature_4 > -0.323,3.954,0.03,0.92,4.87,5,0.87,0.54,3.034,3.0,0.55,CT on P,5,
feature_4 > -2.239 AND feature_0 <= 0.29 AND feature_0 > -0.767 AND feature_1 > 1.775,3.741,0.02,0.09,3.83,4,0.83,0.5,2.115,3.0,0.38,CT on P,5,
feature_4 > -2.239,0.792,0.99,0.81,1.6,1,0.17,0.5,0.792,1.0,0.54,CT on P,5,
feature_4 > -2.239 AND feature_0 > 0.29 AND feature_1 > 0.541 AND feature_0 > 1.046,3.576,0.04,1.1,4.68,4,0.79,0.49,3.033,3.0,0.55,CT on P,5,
feature_0 <= 0.439 AND feature_0 <= -1.597 AND feature_0 > -1.649 AND feature_4 > -0.141,10.386,0.0,,,4,1.0,0.6,0.892,2.0,0.16,CF,5,7.05
feature_0 > 1.054 AND feature_1 > 1.142 AND feature_2 > 0.456 AND feature_2 <= 1.005,8.533,0.0,,,4,0.82,0.49,3.307,3.0,0.6,CF,5,7.05
feature_0 > 1.523 AND feature_1 <= -0.869 AND feature_4 <= 0.849,7.396,0.01,,,3,0.71,0.43,2.261,3.0,0.41,CF,5,7.05
feature_0 > 1.523 AND feature_1 <= -0.869,7.099,0.01,,,2,0.68,0.41,2.229,2.0,0.41,CF,5,7.05
feature_0 <= 1.523,0.835,0.86,,,1,0.08,0.39,0.671,1.0,0.47,CF,5,7.05
feature_0 > 0.362 AND feature_0 > 0.659 AND feature_1 > 0.746 AND feature_0 > 1.167,2.294,0.02,,,4,1.0,0.61,3.259,2.0,0.61,CF SingleTree,5,0.65
feature_0 > 0.362 AND feature_0 > 0.659 AND feature_1 > 0.746,2.119,0.05,,,3,0.92,0.57,2.831,2.0,0.54,CF SingleTree,5,0.65
feature_0 > 0.362 AND feature_0 > 0.659,1.696,0.24,,,2,0.74,0.54,2.032,1.0,0.47,CF SingleTree,5,0.65
feature_0 > 0.362,1.539,0.34,,,1,0.67,0.54,1.818,1.0,0.47,CF SingleTree,5,0.65
feature_0 > 0.362 AND feature_0 > 0.659 AND feature_1 > 0.746 AND feature_0 <= 1.167,1.971,0.03,,,4,0.86,0.53,2.47,2.0,0.47,CF SingleTree,5,0.65
feature_2 > -1.159 AND feature_0 > -0.089 AND feature_0 > 0.846 AND feature_1 > 0.214 AND feature_7 <= -0.245 AND feature_7 > -0.637,4.956,0.01,-0.04,4.92,6,1.0,0.6,2.654,4.0,0.6,CT on D,10,
feature_2 > -1.159,0.873,0.94,0.98,1.85,1,0.18,0.48,0.796,1.0,0.56,CT on D,10,
feature_2 > -1.159 AND feature_0 > -0.089 AND feature_0 > 0.846 AND feature_1 > 0.214 AND feature_7 <= -0.245,3.845,0.04,0.88,4.72,5,0.78,0.48,2.654,4.0,0.62,CT on D,10,
feature_2 <= -1.159 AND feature_0 > 0.499 AND feature_1 > 0.492,3.664,0.0,0.99,4.65,3,0.74,0.44,2.623,3.0,0.59,CT on D,10,
feature_2 > -1.159 AND feature_0 > -0.089 AND feature_0 <= 0.846 AND feature_1 > 1.369 AND feature_3 <= -0.439,3.521,0.01,1.04,4.56,5,0.71,0.43,2.304,4.0,0.52,CT on D,10,
feature_0 <= 2.171 AND feature_0 > 0.002 AND feature_0 > 1.275 AND feature_1 > -0.678 AND feature_7 <= 0.261 AND feature_1 > 0.201,3.913,0.02,1.07,4.99,6,1.0,0.61,2.885,3.0,0.54,CT on P,10,
feature_0 <= 2.171 AND feature_0 > 0.002 AND feature_0 > 1.275 AND feature_1 > -0.678 AND feature_7 <= 0.261,3.481,0.04,0.77,4.25,5,0.89,0.55,2.583,3.0,0.49,CT on P,10,
feature_0 <= 2.171,0.857,0.99,0.99,1.85,1,0.22,0.53,0.762,1.0,0.54,CT on P,10,
feature_0 <= 2.171 AND feature_0 > 0.002 AND feature_0 > 1.275 AND feature_1 > -0.678,2.992,0.06,1.02,4.01,4,0.76,0.48,2.574,2.0,0.5,CT on P,10,
feature_0 > 2.171,3.049,0.01,1.63,4.68,1,0.78,0.47,3.275,1.0,0.6,CT on P,10,
feature_0 <= -0.02 AND feature_1 > 1.647 AND feature_4 <= -0.55 AND feature_9 > -0.299,20.29,0.0,,,4,1.0,0.6,1.479,4.0,0.6,CF,10,9.16
feature_0 <= 1.287,0.881,0.76,,,1,0.04,0.33,0.609,1.0,0.55,CF,10,9.16
feature_1 <= 1.094,0.76,0.73,,,1,0.04,0.31,0.643,1.0,0.55,CF,10,9.16
feature_0 > -0.95,1.053,0.7,,,1,0.05,0.31,1.107,1.0,0.73,CF,10,9.16
feature_0 > -0.909,1.041,0.69,,,1,0.05,0.31,1.125,1.0,0.73,CF,10,9.16
feature_0 > 0.188 AND feature_0 > 0.771 AND feature_1 > 0.955 AND feature_1 > 1.405,2.725,0.01,,,4,1.0,0.6,3.254,2.0,0.6,CF SingleTree,10,0.68
feature_0 > 0.188 AND feature_0 > 0.771 AND feature_1 > 0.955,2.55,0.04,,,3,0.94,0.58,2.945,2.0,0.56,CF SingleTree,10,0.68
feature_0 > 0.188 AND feature_0 > 0.771 AND feature_1 > 0.955 AND feature_1 <= 1.405,2.415,0.02,,,4,0.89,0.54,2.705,2.0,0.51,CF SingleTree,10,0.68
feature_0 > 0.188,1.647,0.38,,,1,0.6,0.51,1.723,1.0,0.47,CF SingleTree,10,0.68
feature_0 > 0.188 AND feature_0 > 0.771,1.95,0.21,,,2,0.72,0.51,2.147,1.0,0.48,CF SingleTree,10,0.68
feature_8 <= 0.311 AND feature_0 <= 2.014 AND feature_0 > -0.368 AND feature_1 > 0.5 AND feature_5 > 0.379 AND feature_0 > 0.691,3.998,0.02,1.25,5.25,6,1.0,0.61,2.597,4.0,0.49,CT on D,10,
feature_8 > 0.311 AND feature_2 <= 0.484 AND feature_3 <= 0.576 AND feature_4 > -1.572 AND feature_0 > -0.122 AND feature_1 > 1.181,3.51,0.01,0.73,4.24,6,0.88,0.53,2.531,6.0,0.48,CT on D,10,
feature_8 <= 0.311 AND feature_0 <= 2.014 AND feature_0 > -0.368 AND feature_1 > 0.5 AND feature_5 > 0.379,3.089,0.04,0.82,3.91,5,0.77,0.48,1.982,4.0,0.39,CT on D,10,
feature_8 <= 0.311 AND feature_0 <= 2.014 AND feature_0 > -0.368 AND feature_1 > 0.5 AND feature_5 <= 0.379 AND feature_5 <= -0.867,3.077,0.02,0.69,3.76,6,0.77,0.47,1.956,4.0,0.37,CT on D,10,
feature_8 <= 0.311 AND feature_0 > 2.014,2.922,0.01,1.5,4.42,2,0.73,0.44,3.203,2.0,0.6,CT on D,10,
feature_8 <= 0.372 AND feature_0 <= 1.965 AND feature_0 > -0.417 AND feature_1 > 0.527 AND feature_9 > -0.382 AND feature_0 > 0.671,3.652,0.03,0.95,4.6,6,1.0,0.61,2.567,4.0,0.5,CT on P,10,
feature_8 <= 0.372 AND feature_0 <= 1.965 AND feature_0 > -0.417 AND feature_1 > 0.527 AND feature_9 > -0.382,2.956,0.08,0.77,3.72,5,0.81,0.52,1.949,4.0,0.4,CT on P,10,
feature_8 <= 0.372 AND feature_0 > 1.965,3.092,0.02,1.51,4.6,2,0.85,0.52,3.138,2.0,0.61,CT on P,10,
feature_8 <= 0.372 AND feature_0 <= 1.965 AND feature_0 > -0.417 AND feature_1 > 0.527,2.646,0.13,0.99,3.63,4,0.72,0.49,1.955,3.0,0.43,CT on P,10,
feature_8 <= 0.372 AND feature_0 <= 1.965 AND feature_0 > -0.417 AND feature_1 > 0.527 AND feature_9 > -0.382 AND feature_0 <= 0.671,2.564,0.05,0.67,3.23,6,0.7,0.44,1.593,4.0,0.32,CT on P,10,
feature_0 <= 0.665 AND feature_4 > 0.958 AND feature_3 <= -0.507 AND feature_1 > 1.494,59.459,0.0,,,4,1.0,0.6,1.612,4.0,0.6,CF,10,7.72
feature_1 > -1.373,0.889,0.81,,,1,0.01,0.33,0.885,1.0,0.65,CF,10,7.72
feature_0 > -1.131,1.141,0.78,,,1,0.02,0.32,1.066,1.0,0.71,CF,10,7.72
feature_0 > -1.016,1.075,0.76,,,1,0.02,0.31,1.109,1.0,0.72,CF,10,7.72
feature_0 > -0.971,1.281,0.75,,,1,0.02,0.31,1.126,1.0,0.72,CF,10,7.72
feature_0 > -0.291 AND feature_0 > 0.394 AND feature_1 > 0.468 AND feature_1 > 1.095,2.167,0.05,,,4,1.0,0.62,2.866,2.0,0.62,CF SingleTree,10,0.67
feature_0 > -0.291,1.373,0.57,,,1,0.63,0.61,1.454,1.0,0.53,CF SingleTree,10,0.67
feature_0 > -0.291 AND feature_0 > 0.394 AND feature_1 > 0.468,2.012,0.12,,,3,0.93,0.61,2.467,2.0,0.56,CF SingleTree,10,0.67
feature_0 > -0.291 AND feature_0 > 0.394,1.632,0.34,,,2,0.75,0.59,1.865,1.0,0.53,CF SingleTree,10,0.67
feature_0 > -0.291 AND feature_0 > 0.394 AND feature_1 > 0.468 AND feature_1 <= 1.095,1.9,0.07,,,4,0.88,0.55,2.179,2.0,0.48,CF SingleTree,10,0.67
feature_3 > -0.969 AND feature_0 > 0.15 AND feature_0 <= 1.816 AND feature_1 <= -0.273 AND feature_6 <= -0.888 AND feature_4 > 0.233,3.311,0.02,0.1,3.41,6,1.0,0.61,1.165,5.0,0.27,CT on D,10,
feature_3 > -0.969 AND feature_0 > 0.15 AND feature_0 > 1.816 AND feature_0 <= 2.025,3.186,0.01,0.95,4.13,4,0.96,0.58,2.702,2.0,0.6,CT on D,10,
feature_3 > -0.969 AND feature_0 <= 0.15 AND feature_0 <= -0.657 AND feature_0 <= -1.838 AND feature_1 <= 0.257,3.027,0.02,2.65,-0.37,5,0.91,0.56,1.814,3.0,0.41,CT on D,10,
feature_3 > -0.969 AND feature_0 > 0.15 AND feature_0 <= 1.816 AND feature_1 > -0.273 AND feature_9 <= -1.35,3.01,0.02,0.16,3.17,5,0.91,0.55,1.839,4.0,0.42,CT on D,10,
feature_3 <= -0.969 AND feature_8 > -0.584 AND feature_3 > -1.83 AND feature_0 > 1.134,2.939,0.01,0.4,3.34,4,0.89,0.54,2.458,3.0,0.55,CT on D,10,
feature_7 <= 1.107 AND feature_0 > 0.12 AND feature_0 > 0.985 AND feature_3 <= 1.007 AND feature_5 <= -0.892,3.646,0.02,0.74,4.39,5,1.0,0.61,2.385,4.0,0.61,CT on P,10,
feature_7 <= 1.107 AND feature_0 > 0.12 AND feature_0 <= 0.985 AND feature_1 > -0.687 AND feature_9 <= -1.239,3.101,0.02,0.42,3.53,5,0.85,0.52,1.533,4.0,0.39,CT on P,10,
feature_7 <= 1.107 AND feature_0 > 0.12 AND feature_0 > 0.985 AND feature_3 <= 1.007,2.564,0.12,1.15,3.71,4,0.7,0.47,2.339,3.0,0.64,CT on P,10,
feature_7 <= 1.107 AND feature_0 > 0.12 AND feature_0 > 0.985 AND feature_3 <= 1.007 AND feature_5 > -0.892 AND feature_1 <= 0.064,2.726,0.05,0.55,3.27,6,0.75,0.47,1.961,5.0,0.51,CT on P,10,
feature_7 <= 1.107,0.714,0.86,1.42,2.13,1,0.2,0.46,0.803,1.0,0.55,CT on P,10,
feature_0 > 0.823 AND feature_1 > 1.489 AND feature_9 <= -0.382,70.07,0.0,,,3,1.0,0.6,3.493,3.0,0.6,CF,10,9.27
feature_1 <= 1.385,0.667,0.5,,,1,0.01,0.21,0.689,1.0,0.32,CF,10,9.27
feature_0 > -1.121,1.11,0.48,,,1,0.02,0.2,1.053,1.0,0.37,CF,10,9.27
feature_0 > -1.024,1.106,0.48,,,1,0.02,0.2,1.087,1.0,0.38,CF,10,9.27
feature_0 > -1.036,1.08,0.48,,,1,0.02,0.2,1.083,1.0,0.38,CF,10,9.27
feature_0 > -0.05 AND feature_0 > 0.821 AND feature_1 > 1.302 AND feature_1 > 1.513,2.323,0.01,,,4,1.0,0.6,3.489,2.0,0.6,CF SingleTree,10,0.65
feature_0 > -0.05 AND feature_0 > 0.821 AND feature_1 > 1.302,2.196,0.02,,,3,0.95,0.58,3.356,2.0,0.59,CF SingleTree,10,0.65
feature_0 > -0.05 AND feature_0 > 0.821 AND feature_1 > 1.302 AND feature_1 <= 1.513,1.97,0.01,,,4,0.85,0.51,3.125,2.0,0.54,CF SingleTree,10,0.65
feature_0 > -0.05 AND feature_0 > 0.821,1.663,0.17,,,2,0.72,0.5,2.209,1.0,0.45,CF SingleTree,10,0.65
feature_0 > -0.05 AND feature_0 > 0.821 AND feature_1 <= 1.302 AND feature_0 > 1.35,1.735,0.08,,,4,0.75,0.48,2.497,2.0,0.46,CF SingleTree,10,0.65
feature_4 > -1.673 AND feature_0 > 1.49 AND feature_1 > -1.049 AND feature_1 > 0.543 AND feature_8 <= 0.208,4.493,0.01,1.61,6.1,5,1.0,0.6,3.475,4.0,0.6,CT on D,10,
feature_4 > -1.673 AND feature_0 > 1.49 AND feature_1 > -1.049 AND feature_1 > 0.543,4.079,0.02,1.65,5.73,4,0.91,0.55,3.389,3.0,0.59,CT on D,10,
feature_4 > -1.673 AND feature_0 > 1.49 AND feature_1 > -1.049 AND feature_1 > 0.543 AND feature_8 > 0.208,3.666,0.01,1.69,5.35,5,0.82,0.49,3.302,4.0,0.57,CT on D,10,
feature_4 > -1.673 AND feature_0 > 1.49 AND feature_1 > -1.049 AND feature_1 <= 0.543 AND feature_2 > -0.674 AND feature_8 > -0.435,3.565,0.01,0.53,4.1,6,0.79,0.48,2.486,5.0,0.43,CT on D,10,
feature_4 > -1.673 AND feature_0 > 1.49 AND feature_1 > -1.049,3.198,0.05,1.17,4.37,3,0.71,0.45,2.813,3.0,0.51,CT on D,10,
feature_9 > -1.975 AND feature_0 > 0.29 AND feature_0 > 1.494 AND feature_8 > -0.43 AND feature_2 > -0.161,4.436,0.02,0.41,4.85,5,1.0,0.61,2.701,4.0,0.61,CT on P,10,
feature_9 > -1.975,0.863,0.98,0.77,1.63,1,0.19,0.51,0.816,1.0,0.57,CT on P,10,
feature_9 > -1.975 AND feature_0 > 0.29 AND feature_0 > 1.494 AND feature_8 > -0.43,3.37,0.04,0.69,4.06,4,0.76,0.47,2.701,3.0,0.61,CT on P,10,
feature_9 > -1.975 AND feature_0 > 0.29 AND feature_0 <= 1.494 AND feature_2 <= -0.446 AND feature_1 > -0.669 AND feature_7 <= -0.582,3.365,0.03,0.08,3.44,6,0.76,0.47,1.852,5.0,0.42,CT on P,10,
feature_9 > -1.975 AND feature_0 > 0.29 AND feature_0 > 1.494,2.961,0.07,0.95,3.91,3,0.67,0.43,2.709,2.0,0.63,CT on P,10,
feature_0 > -0.06 AND feature_1 > 1.025 AND feature_2 > 1.434 AND feature_9 > 0.174,45.946,0.0,,,4,1.0,0.6,2.448,4.0,0.6,CF,10,8.68
feature_0 > -1.258,1.148,0.69,,,1,0.02,0.29,1.013,1.0,0.52,CF,10,8.68
feature_0 > -1.288,1.065,0.69,,,1,0.02,0.29,1.004,1.0,0.52,CF,10,8.68
feature_0 > -1.077,1.092,0.67,,,1,0.02,0.28,1.074,1.0,0.53,CF,10,8.68
feature_0 > -0.927,1.207,0.65,,,1,0.03,0.28,1.129,1.0,0.54,CF,10,8.68
feature_0 > -0.132 AND feature_0 > 0.76 AND feature_1 > 0.655 AND feature_0 > 1.335,2.526,0.02,,,4,1.0,0.61,3.328,2.0,0.61,CF SingleTree,10,0.65
feature_0 > -0.132 AND feature_0 > 0.76 AND feature_1 > 0.655,2.356,0.05,,,3,0.93,0.58,2.882,2.0,0.54,CF SingleTree,10,0.65
feature_0 > -0.132 AND feature_0 > 0.76 AND feature_1 > 0.655 AND feature_0 <= 1.335,2.231,0.03,,,4,0.88,0.54,2.552,2.0,0.47,CF SingleTree,10,0.65
feature_0 > -0.132,1.413,0.47,,,1,0.56,0.52,1.54,1.0,0.47,CF SingleTree,10,0.65
feature_0 > -0.132 AND feature_0 > 0.76,1.833,0.2,,,2,0.73,0.52,2.15,1.0,0.47,CF SingleTree,10,0.65
feature_8 > -1.455 AND feature_0 > 0.631 AND feature_0 > 1.178 AND feature_1 > 0.747 AND feature_9 > 0.073,4.576,0.01,1.1,5.68,5,1.0,0.6,3.156,4.0,0.58,CT on D,10,
feature_8 > -1.455 AND feature_0 > 0.631 AND feature_0 > 1.178 AND feature_1 <= 0.747 AND feature_0 > 2.212,4.268,0.01,0.5,4.77,5,0.93,0.56,3.084,3.0,0.57,CT on D,10,
feature_8 > -1.455 AND feature_0 > 0.631 AND feature_0 > 1.178 AND feature_1 > 0.747,4.012,0.03,1.5,5.52,4,0.88,0.54,3.215,3.0,0.6,CT on D,10,
feature_8 > -1.455 AND feature_0 > 0.631 AND feature_0 > 1.178 AND feature_1 > 0.747 AND feature_9 <= 0.073,3.562,0.01,1.82,5.39,5,0.78,0.47,3.263,4.0,0.6,CT on D,10,
feature_8 > -1.455 AND feature_0 > 0.631 AND feature_0 > 1.178 AND feature_1 <= 0.747 AND feature_0 <= 2.212 AND feature_6 > 0.813,3.394,0.02,-0.25,3.15,6,0.74,0.45,2.163,4.0,0.41,CT on D,10,
feature_8 > -0.726 AND feature_0 > -0.477 AND feature_0 > 1.03 AND feature_0 > 1.854 AND feature_7 <= 0.001,4.718,0.01,0.33,5.04,5,1.0,0.6,3.013,3.0,0.6,CT on P,10,
feature_8 > -0.726 AND feature_0 > -0.477 AND feature_0 > 1.03 AND feature_0 > 1.854,4.121,0.03,0.52,4.64,4,0.87,0.54,3.008,2.0,0.61,CT on P,10,
feature_8 > -0.726 AND feature_0 > -0.477 AND feature_0 > 1.03 AND feature_0 <= 1.854 AND feature_2 > -0.637 AND feature_5 <= -0.901,3.846,0.01,-0.23,3.62,6,0.82,0.49,2.162,4.0,0.43,CT on P,10,
feature_8 > -0.726 AND feature_0 > -0.477 AND feature_0 > 1.03 AND feature_0 <= 1.854 AND feature_2 <= -0.637 AND feature_7 > -0.032,3.611,0.01,-0.46,3.15,6,0.77,0.46,2.103,4.0,0.42,CT on P,10,
feature_8 > -0.726 AND feature_0 > -0.477 AND feature_0 > 1.03 AND feature_0 > 1.854 AND feature_7 > 0.001,3.396,0.01,0.75,4.15,5,0.72,0.44,3.002,3.0,0.6,CT on P,10,
feature_0 > 0.91 AND feature_1 > 0.213 AND feature_1 <= 1.802 AND feature_6 <= -1.599,11.784,0.0,,,4,1.0,0.6,2.79,3.0,0.42,CF,10,8.73
feature_0 > -1.007 AND feature_1 > 1.252 AND feature_0 > 1.432 AND feature_5 <= -0.266,9.375,0.0,,,4,0.8,0.48,3.946,3.0,0.6,CF,10,8.73
feature_0 > 0.386 AND feature_1 > 0.483 AND feature_9 > 1.312 AND feature_1 <= 0.607,8.757,0.0,,,4,0.74,0.45,2.267,3.0,0.34,CF,10,8.73
feature_3 <= 1.615,0.949,0.94,,,1,0.08,0.42,0.798,1.0,0.5,CF,10,8.73
feature_0 > 0.964 AND feature_2 > -0.848 AND feature_0 > 1.918 AND feature_9 <= -1.252,8.184,0.0,,,4,0.69,0.42,3.231,3.0,0.49,CF,10,8.73
feature_0 > -0.114 AND feature_0 > 1.002 AND feature_1 > 0.488 AND feature_0 > 1.164,2.5,0.04,,,4,1.0,0.62,3.057,2.0,0.62,CF SingleTree,10,0.72
feature_0 > -0.114 AND feature_0 > 1.002 AND feature_1 > 0.488,2.434,0.05,,,3,0.97,0.6,2.946,2.0,0.6,CF SingleTree,10,0.72
feature_0 > -0.114 AND feature_0 > 1.002,2.192,0.16,,,2,0.88,0.59,2.334,1.0,0.52,CF SingleTree,10,0.72
feature_0 > -0.114 AND feature_0 > 1.002 AND feature_1 <= 0.488 AND feature_0 > 1.162,2.171,0.08,,,4,0.87,0.55,2.183,2.0,0.46,CF SingleTree,10,0.72
feature_0 > -0.114,1.424,0.51,,,1,0.57,0.55,1.533,1.0,0.5,CF SingleTree,10,0.72
feature_2 > -1.712 AND feature_0 > 1.669 AND feature_1 > 0.736,4.464,0.01,1.67,6.14,3,1.0,0.6,3.609,3.0,0.6,CT on D,10,
feature_2 > -1.712 AND feature_0 <= 1.669 AND feature_0 > -0.11 AND feature_1 > 0.463 AND feature_1 > 1.923,4.344,0.01,1.72,6.07,5,0.97,0.59,3.134,3.0,0.53,CT on D,10,
feature_2 > -1.712 AND feature_0 > 1.669 AND feature_1 <= 0.736 AND feature_5 > 0.506,3.615,0.01,0.93,4.54,4,0.81,0.49,2.675,4.0,0.45,CT on D,10,
feature_2 > -1.712 AND feature_0 <= 1.669 AND feature_0 > -0.11 AND feature_1 > 0.463 AND feature_1 <= 1.923 AND feature_7 > 1.051,3.244,0.02,0.67,3.91,6,0.73,0.44,1.948,4.0,0.33,CT on D,10,
feature_2 > -1.712 AND feature_0 > 1.669,2.827,0.05,1.47,4.3,2,0.63,0.4,2.861,2.0,0.5,CT on D,10,
feature_0 > 0.476 AND feature_1 > 1.578,4.406,0.02,1.97,6.38,2,1.0,0.61,3.304,2.0,0.61,CT on P,10,
feature_0 > 0.476 AND feature_1 <= 1.578 AND feature_0 > 1.756,3.23,0.03,0.64,3.87,3,0.73,0.45,2.867,2.0,0.53,CT on P,10,
feature_0 <= 0.476 AND feature_1 > 0.492 AND feature_4 <= -0.4 AND feature_3 <= -0.594 AND feature_6 > 0.133,3.145,0.02,-1.15,1.99,5,0.71,0.44,0.809,5.0,0.15,CT on P,10,
feature_0 > 0.476,1.873,0.32,0.76,2.64,1,0.43,0.38,1.953,1.0,0.48,CT on P,10,
feature_0 > 0.476 AND feature_1 <= 1.578 AND feature_0 <= 1.756 AND feature_4 > -1.357 AND feature_1 > -0.641 AND feature_4 > 0.413,2.544,0.07,0.69,3.24,6,0.58,0.37,1.909,3.0,0.37,CT on P,10,
feature_0 <= 0.221 AND feature_1 > 0.321 AND feature_8 <= -1.323 AND feature_2 > 1.242,39.709,0.0,,,4,1.0,0.6,0.424,4.0,0.27,CF,10,8.74
feature_0 > -1.505 AND feature_0 <= 0.791 AND feature_2 <= 1.621 AND feature_3 <= 0.381,0.735,0.61,,,4,0.02,0.26,0.583,3.0,0.61,CF,10,8.74
feature_0 > -1.505,1.124,0.53,,,1,0.03,0.23,0.948,1.0,0.81,CF,10,8.74
feature_0 > -1.595,0.834,0.54,,,1,0.02,0.23,0.931,1.0,0.81,CF,10,8.74
feature_0 <= 1.636,0.745,0.54,,,1,0.02,0.23,0.703,1.0,0.66,CF,10,8.74
feature_0 > -0.206 AND feature_1 > 0.523 AND feature_0 > 0.644 AND feature_1 > 1.579,2.735,0.02,,,4,1.0,0.61,3.417,2.0,0.61,CF SingleTree,10,0.7
feature_0 > -0.206 AND feature_1 > 0.523 AND feature_0 > 0.644,2.229,0.08,,,3,0.81,0.52,2.717,2.0,0.51,CF SingleTree,10,0.7
feature_0 > -0.206 AND feature_1 > 0.523 AND feature_0 > 0.644 AND feature_1 <= 1.579,2.113,0.07,,,4,0.77,0.49,2.556,2.0,0.48,CF SingleTree,10,0.7
feature_0 > -0.206 AND feature_1 > 0.523,1.856,0.16,,,2,0.68,0.47,2.139,2.0,0.44,CF SingleTree,10,0.7
feature_0 > -0.206,1.263,0.39,,,1,0.46,0.43,1.488,1.0,0.42,CF SingleTree,10,0.7
feature_1 > -1.131 AND feature_0 > 0.426 AND feature_1 > 0.954 AND feature_8 > 0.326 AND feature_3 <= 0.003,4.203,0.01,0.36,4.56,5,1.0,0.6,2.833,4.0,0.6,CT on D,10,
feature_1 > -1.131 AND feature_0 > 0.426 AND feature_1 > 0.954 AND feature_8 <= 0.326 AND feature_8 <= -0.991,3.952,0.01,1.05,5.0,5,0.94,0.57,2.842,3.0,0.6,CT on D,10,
feature_1 > -1.131 AND feature_0 > 0.426 AND feature_1 <= 0.954 AND feature_0 > 1.069 AND feature_7 <= -0.694 AND feature_9 <= -0.017,3.883,0.01,0.24,4.13,6,0.92,0.56,2.326,4.0,0.49,CT on D,10,
feature_1 > -1.131 AND feature_0 > 0.426 AND feature_1 > 0.954 AND feature_8 > 0.326,3.836,0.02,0.98,4.82,4,0.91,0.56,2.856,3.0,0.61,CT on D,10,
feature_1 > -1.131 AND feature_0 > 0.426 AND feature_1 <= 0.954 AND feature_0 > 1.069 AND feature_7 > -0.694 AND feature_9 > 1.038,3.551,0.01,0.1,3.65,6,0.84,0.51,2.208,4.0,0.47,CT on D,10,
feature_2 <= 0.812 AND feature_0 > 1.188 AND feature_1 > 1.124,4.321,0.01,1.21,5.53,3,1.0,0.6,3.496,3.0,0.6,CT on P,10,
feature_2 <= 0.812 AND feature_0 <= 1.188 AND feature_1 > -0.093 AND feature_0 > 0.394 AND feature_1 > 0.991 AND feature_9 > 0.337,4.27,0.01,0.25,4.52,6,0.99,0.6,2.412,4.0,0.42,CT on P,10,
feature_2 <= 0.812,0.874,0.94,0.75,1.62,1,0.2,0.5,0.777,1.0,0.51,CT on P,10,
feature_2 <= 0.812 AND feature_0 > 1.188 AND feature_1 <= 1.124 AND feature_6 <= 0.762 AND feature_7 <= -0.493,3.425,0.02,0.19,3.61,5,0.79,0.48,2.309,5.0,0.4,CT on P,10,
feature_2 <= 0.812 AND feature_0 > 1.188 AND feature_1 <= 1.124 AND feature_6 > 0.762,3.419,0.02,0.45,3.87,4,0.79,0.48,2.322,4.0,0.41,CT on P,10,
feature_0 > 1.452 AND feature_1 > 0.584 AND feature_9 > -0.485 AND feature_7 <= -0.728,8.908,0.0,,,4,1.0,0.6,3.573,4.0,0.6,CF,10,9.24
feature_0 > 1.452 AND feature_1 > 0.584 AND feature_9 <= -0.485 AND feature_0 <= 1.78,8.231,0.0,,,4,0.92,0.55,3.028,3.0,0.51,CF,10,9.24
feature_0 > 0.525 AND feature_1 > 1.193 AND feature_4 <= -1.05 AND feature_7 > 0.615,8.021,0.0,,,4,0.9,0.54,2.952,4.0,0.5,CF,10,9.24
feature_0 > 0.434 AND feature_1 > 1.31 AND feature_3 > -0.047 AND feature_5 <= -0.565,7.525,0.0,,,4,0.84,0.51,3.259,4.0,0.55,CF,10,9.24
feature_0 > 0.571 AND feature_1 > 1.56 AND feature_1 > 1.94 AND feature_6 <= -0.104,7.349,0.0,,,4,0.82,0.49,3.507,3.0,0.59,CF,10,9.24
feature_0 > 0.394 AND feature_1 > 0.714 AND feature_0 > 0.767 AND feature_1 > 1.049,2.564,0.03,,,4,1.0,0.61,3.114,2.0,0.61,CF SingleTree,10,0.71
feature_0 > 0.394 AND feature_1 > 0.714 AND feature_0 > 0.767,2.427,0.05,,,3,0.95,0.59,2.902,2.0,0.58,CF SingleTree,10,0.71
feature_0 > 0.394 AND feature_1 > 0.714,2.217,0.08,,,2,0.86,0.55,2.626,2.0,0.54,CF SingleTree,10,0.71
feature_0 > 0.394,1.713,0.32,,,1,0.67,0.53,1.848,1.0,0.48,CF SingleTree,10,0.71
feature_0 > 0.394 AND feature_1 > 0.714 AND feature_0 > 0.767 AND feature_1 <= 1.049,2.185,0.02,,,4,0.85,0.52,2.532,2.0,0.5,CF SingleTree,10,0.71
feature_2 <= 1.891 AND feature_0 > -0.457 AND feature_0 > 1.197 AND feature_1 > 0.184 AND feature_3 <= -0.274,3.999,0.03,0.59,4.59,5,1.0,0.61,2.981,4.0,0.61,CT on D,10,
feature_2 <= 1.891 AND feature_0 > -0.457 AND feature_0 > 1.197 AND feature_1 > 0.184 AND feature_3 > -0.274 AND feature_8 <= -0.131,3.73,0.0,1.68,5.41,6,0.93,0.56,2.981,5.0,0.6,CT on D,10,
feature_2 <= 1.891 AND feature_0 > -0.457 AND feature_0 > 1.197 AND feature_1 <= 0.184 AND feature_4 <= -0.179 AND feature_4 > -0.735,3.499,0.01,-0.68,2.82,6,0.87,0.53,2.141,4.0,0.43,CT on D,10,
feature_2 <= 1.891 AND feature_0 > -0.457 AND feature_0 <= 1.197 AND feature_1 > 0.629 AND feature_1 > 1.443 AND feature_5 > -0.379,3.341,0.02,1.32,4.66,6,0.84,0.51,2.317,4.0,0.47,CT on D,10,
feature_2 <= 1.891 AND feature_0 > -0.457 AND feature_0 > 1.197 AND feature_1 > 0.184,3.254,0.04,1.65,4.9,4,0.81,0.5,2.985,3.0,0.62,CT on D,10,
feature_8 > -1.816 AND feature_0 > 0.592 AND feature_1 <= 0.198 AND feature_6 > 1.097,4.021,0.02,-0.9,3.12,4,1.0,0.61,1.686,4.0,0.35,CT on P,10,
feature_8 > -1.816 AND feature_0 > 0.592 AND feature_1 > 0.198 AND feature_4 > -0.537 AND feature_3 <= -0.245 AND feature_0 > 1.18,4.015,0.02,0.58,4.6,6,1.0,0.61,2.967,5.0,0.61,CT on P,10,
feature_8 > -1.816 AND feature_0 > 0.592 AND feature_1 > 0.198 AND feature_4 <= -0.537,3.83,0.04,0.38,4.21,4,0.95,0.59,2.515,4.0,0.52,CT on P,10,
feature_8 > -1.816,0.769,0.97,0.58,1.35,1,0.19,0.5,0.803,1.0,0.55,CT on P,10,
feature_8 > -1.816 AND feature_0 > 0.592 AND feature_1 > 0.198,2.988,0.12,0.8,3.79,3,0.74,0.49,2.504,3.0,0.55,CT on P,10,
feature_0 <= 0.348 AND feature_2 > 0.643 AND feature_1 <= -1.482 AND feature_9 <= -1.041,27.98,0.0,,,4,1.0,0.6,0.416,4.0,0.11,CF,10,9.13
feature_0 > -0.589 AND feature_4 > 1.608 AND feature_1 > 0.972 AND feature_3 > -0.26,17.826,0.0,,,4,0.64,0.38,2.224,4.0,0.6,CF,10,9.13
feature_0 <= 1.307,0.934,0.51,,,1,0.03,0.22,0.618,1.0,0.37,CF,10,9.13
feature_0 > -1.182,1.04,0.5,,,1,0.04,0.22,1.032,1.0,0.48,CF,10,9.13
feature_0 <= 1.135,0.866,0.5,,,1,0.03,0.22,0.566,1.0,0.35,CF,10,9.13
feature_0 > -0.522 AND feature_0 > 1.093 AND feature_1 > -0.016 AND feature_0 > 1.275,2.409,0.05,,,4,1.0,0.62,2.959,2.0,0.62,CF SingleTree,10,0.72
feature_0 > -0.522 AND feature_0 > 1.093 AND feature_1 > -0.016,2.297,0.06,,,3,0.95,0.6,2.822,2.0,0.6,CF SingleTree,10,0.72
feature_0 > -0.522 AND feature_0 > 1.093,1.994,0.12,,,2,0.83,0.54,2.437,1.0,0.54,CF SingleTree,10,0.72
feature_0 > -0.522,1.312,0.43,,,1,0.54,0.5,1.315,1.0,0.44,CF SingleTree,10,0.72
feature_0 > -0.522 AND feature_0 > 1.093 AND feature_1 > -0.016 AND feature_0 <= 1.275,1.965,0.02,,,4,0.82,0.5,2.414,2.0,0.5,CF SingleTree,10,0.72
feature_5 <= 2.263 AND feature_0 > 0.077 AND feature_1 <= 0.713 AND feature_0 > 1.363 AND feature_0 > 1.906 AND feature_6 <= 0.146,4.504,0.01,0.4,4.9,6,1.0,0.6,2.865,4.0,0.6,CT on D,10,
feature_5 <= 2.263 AND feature_0 > 0.077 AND feature_1 > 0.713 AND feature_0 > 0.232 AND feature_8 <= -0.753 AND feature_9 <= 0.092,4.096,0.01,1.07,5.16,6,0.91,0.55,2.438,5.0,0.51,CT on D,10,
feature_5 <= 2.263 AND feature_0 > 0.077 AND feature_1 <= 0.713 AND feature_0 > 1.363 AND feature_0 > 1.906,3.516,0.02,0.75,4.27,5,0.78,0.48,2.85,3.0,0.6,CT on D,10,
feature_5 <= 2.263 AND feature_0 > 0.077 AND feature_1 > 0.713 AND feature_0 > 0.232 AND feature_8 <= -0.753,3.483,0.02,0.95,4.43,5,0.77,0.47,2.441,4.0,0.52,CT on D,10,
feature_5 <= 2.263 AND feature_0 <= 0.077 AND feature_1 > 1.504 AND feature_6 > 0.079,3.448,0.02,0.65,4.1,4,0.77,0.47,1.406,4.0,0.3,CT on D,10,
feature_4 > -1.408 AND feature_0 > 0.038 AND feature_1 > -0.082 AND feature_0 > 1.758,3.949,0.02,1.63,5.58,4,1.0,0.61,3.34,3.0,0.61,CT on P,10,
feature_4 > -1.408 AND feature_0 > 0.038 AND feature_1 > -0.082 AND feature_0 <= 1.758 AND feature_1 > 0.819 AND feature_6 <= -0.895,3.669,0.02,1.17,4.84,6,0.93,0.57,2.327,4.0,0.43,CT on P,10,
feature_4 > -1.408,0.814,0.92,1.07,1.89,1,0.21,0.49,0.815,1.0,0.51,CT on P,10,
feature_4 > -1.408 AND feature_0 > 0.038 AND feature_1 <= -0.082 AND feature_0 > 1.737,2.807,0.02,0.57,3.38,4,0.71,0.43,2.521,3.0,0.46,CT on P,10,
feature_4 > -1.408 AND feature_0 > 0.038 AND feature_1 > -0.082 AND feature_0 <= 1.758 AND feature_1 > 0.819,2.579,0.09,1.52,4.1,5,0.65,0.43,2.305,3.0,0.45,CT on P,10,
feature_0 > 0.322 AND feature_0 > 2.024 AND feature_7 > 0.538 AND feature_4 <= -0.213,46.582,0.0,,,4,1.0,0.6,3.324,3.0,0.6,CF,10,9.76
feature_0 <= 1.473,0.663,0.82,,,1,0.01,0.34,0.674,1.0,0.45,CF,10,9.76
feature_0 > -1.287,1.031,0.8,,,1,0.02,0.33,1.001,1.0,0.5,CF,10,9.76
feature_0 > -1.142,1.213,0.78,,,1,0.03,0.33,1.042,1.0,0.5,CF,10,9.76
feature_0 <= 1.226,0.697,0.79,,,1,0.01,0.32,0.605,1.0,0.43,CF,10,9.76
feature_0 > 0.443 AND feature_1 > 0.843 AND feature_0 > 0.905 AND feature_0 > 1.44,2.835,0.02,,,4,1.0,0.61,3.47,2.0,0.61,CF SingleTree,10,0.7
feature_0 > 0.443 AND feature_1 > 0.843 AND feature_0 > 0.905,2.679,0.04,,,3,0.94,0.58,3.051,2.0,0.54,CF SingleTree,10,0.7
feature_0 > 0.443 AND feature_1 > 0.843 AND feature_0 > 0.905 AND feature_0 <= 1.44,2.559,0.02,,,4,0.9,0.55,2.726,2.0,0.48,CF SingleTree,10,0.7
feature_0 > 0.443 AND feature_1 > 0.843,2.382,0.07,,,2,0.84,0.53,2.728,2.0,0.5,CF SingleTree,10,0.7
feature_0 > 0.443,1.682,0.32,,,1,0.59,0.48,1.9,1.0,0.46,CF SingleTree,10,0.7
feature_0 > -1.423 AND feature_0 > 0.864 AND feature_0 > 1.698 AND feature_3 > -0.331 AND feature_9 > -0.069,4.39,0.01,0.96,5.35,5,1.0,0.6,3.034,3.0,0.6,CT on D,10,
feature_0 > -1.423 AND feature_0 > 0.864 AND feature_0 > 1.698 AND feature_3 > -0.331,3.562,0.03,1.52,5.08,4,0.81,0.5,2.975,2.0,0.6,CT on D,10,
feature_0 > -1.423 AND feature_0 > 0.864 AND feature_0 <= 1.698 AND feature_0 <= 0.908,3.492,0.01,0.25,3.74,4,0.8,0.48,1.703,1.0,0.34,CT on D,10,
feature_0 > -1.423 AND feature_0 > 0.864 AND feature_0 <= 1.698 AND feature_0 > 0.908 AND feature_1 > 0.625 AND feature_5 <= 0.372,3.259,0.03,1.62,4.88,6,0.74,0.46,2.751,3.0,0.56,CT on D,10,
feature_0 <= -1.423 AND feature_8 > -1.009 AND feature_1 <= 0.915 AND feature_9 > -0.124 AND feature_1 <= -0.384,3.312,0.01,2.41,-0.9,5,0.75,0.46,1.538,4.0,0.31,CT on D,10,
feature_9 > -2.206 AND feature_0 > -0.534 AND feature_0 > 1.464 AND feature_9 > -0.024 AND feature_9 <= 0.711,4.048,0.02,0.97,5.02,5,1.0,0.61,2.813,2.0,0.61,CT on P,10,
feature_9 > -2.206 AND feature_0 > -0.534 AND feature_0 > 1.464 AND feature_9 > -0.024,3.659,0.03,1.21,4.87,4,0.9,0.55,2.787,2.0,0.61,CT on P,10,
feature_9 > -2.206,0.833,0.98,1.29,2.12,1,0.21,0.52,0.815,1.0,0.57,CT on P,10,
feature_9 > -2.206 AND feature_0 > -0.534 AND feature_0 > 1.464 AND feature_9 > -0.024 AND feature_9 > 0.711,3.205,0.02,1.5,4.71,5,0.79,0.48,2.759,2.0,0.6,CT on P,10,
feature_9 > -2.206 AND feature_0 > -0.534,1.367,0.7,1.19,2.56,2,0.34,0.48,1.308,2.0,0.56,CT on P,10,
feature_0 > -0.337 AND feature_1 <= 0.444 AND feature_0 > 1.503 AND feature_8 > 0.865,12.566,0.01,,,4,1.0,0.6,2.431,3.0,0.52,CF,10,8.46
feature_0 > 0.19 AND feature_0 > 1.494 AND feature_4 <= -0.942 AND feature_6 > 0.527,8.741,0.0,,,4,0.7,0.42,2.836,3.0,0.6,CF,10,8.46
feature_0 > 0.144 AND feature_1 <= 0.715 AND feature_3 <= -1.63 AND feature_7 <= -1.084,7.802,0.0,,,4,0.62,0.37,1.365,4.0,0.29,CF,10,8.46
feature_0 > -1.421,1.142,0.66,,,1,0.09,0.32,0.97,1.0,0.47,CF,10,8.46
feature_0 > -1.425,1.067,0.66,,,1,0.08,0.31,0.968,1.0,0.47,CF,10,8.46
feature_0 > 0.201 AND feature_0 > 0.863 AND feature_0 > 1.379 AND feature_1 > -0.055,2.356,0.04,,,4,1.0,0.62,2.994,2.0,0.62,CF SingleTree,10,0.66
feature_0 > 0.201 AND feature_0 > 0.863 AND feature_0 > 1.379,2.214,0.08,,,3,0.94,0.6,2.671,1.0,0.57,CF SingleTree,10,0.66
feature_0 > 0.201 AND feature_0 > 0.863,2.008,0.18,,,2,0.85,0.58,2.23,1.0,0.52,CF SingleTree,10,0.66
feature_0 > 0.201,1.557,0.37,,,1,0.66,0.54,1.726,1.0,0.49,CF SingleTree,10,0.66
feature_0 > 0.201 AND feature_0 > 0.863 AND feature_0 <= 1.379 AND feature_1 > 0.297,2.04,0.04,,,4,0.87,0.54,2.447,2.0,0.51,CF SingleTree,10,0.66
feature_19 > -2.003 AND feature_0 > 0.203 AND feature_0 > 1.296 AND feature_15 > 0.322 AND feature_18 <= -0.419,4.817,0.01,0.18,4.99,5,1.0,0.6,2.608,4.0,0.59,CT on D,20,
feature_19 > -2.003 AND feature_0 > 0.203 AND feature_0 > 1.296 AND feature_15 > 0.322 AND feature_18 > -0.419 AND feature_19 <= -0.176,3.938,0.01,-0.14,3.8,6,0.82,0.49,2.537,4.0,0.57,CT on D,20,
feature_19 > -2.003 AND feature_0 > 0.203 AND feature_0 > 1.296 AND feature_15 <= 0.322 AND feature_14 > 0.387 AND feature_11 > 0.232,3.847,0.01,0.67,4.51,6,0.8,0.48,2.671,5.0,0.6,CT on D,20,
feature_19 > -2.003 AND feature_0 > 0.203 AND feature_0 > 1.296 AND feature_15 > 0.322,3.558,0.04,0.74,4.3,4,0.74,0.46,2.594,3.0,0.6,CT on D,20,
feature_19 > -2.003 AND feature_0 > 0.203 AND feature_0 <= 1.296 AND feature_1 <= 1.714 AND feature_10 <= -1.437 AND feature_19 <= 0.15,3.359,0.02,0.13,3.49,6,0.7,0.43,1.474,4.0,0.34,CT on D,20,
feature_15 <= 0.933 AND feature_0 > 0.206 AND feature_13 <= 0.468 AND feature_1 > 0.957 AND feature_7 <= -0.188,6.055,0.02,-0.78,5.27,5,1.0,0.61,2.62,5.0,0.61,CT on P,20,
feature_15 <= 0.933,1.011,0.82,0.87,1.88,1,0.17,0.43,0.805,1.0,0.51,CT on P,20,
feature_15 <= 0.933 AND feature_0 > 0.206 AND feature_13 <= 0.468 AND feature_1 > 0.957,4.15,0.04,0.57,4.72,4,0.69,0.43,2.609,4.0,0.61,CT on P,20,
feature_15 > 0.933 AND feature_3 > 0.346 AND feature_15 > 1.26 AND feature_0 > -0.182,3.365,0.02,0.56,3.93,4,0.56,0.34,1.475,3.0,0.35,CT on P,20,
feature_15 <= 0.933 AND feature_0 > 0.206,2.036,0.34,0.66,2.69,2,0.34,0.34,1.748,2.0,0.54,CT on P,20,
feature_0 > 1.286 AND feature_1 > -1.378 AND feature_2 <= -1.422 AND feature_15 <= -0.293,33.992,0.0,,,4,1.0,0.6,2.789,4.0,0.6,CF,20,11.81
feature_0 <= 1.663,0.767,0.5,,,1,0.02,0.21,0.693,1.0,0.35,CF,20,11.81
feature_0 <= 1.616,0.747,0.49,,,1,0.02,0.21,0.685,1.0,0.34,CF,20,11.81
feature_0 > -1.244,0.926,0.48,,,1,0.03,0.21,1.006,1.0,0.41,CF,20,11.81
feature_0 > -1.036,1.102,0.47,,,1,0.03,0.21,1.076,1.0,0.42,CF,20,11.81
feature_0 > -0.009 AND feature_0 > 0.555 AND feature_0 > 1.37 AND feature_0 > 1.65,2.351,0.05,,,4,1.0,0.62,2.866,1.0,0.62,CF SingleTree,20,0.68
feature_0 > -0.009 AND feature_0 > 0.555 AND feature_0 > 1.37,2.226,0.08,,,3,0.95,0.6,2.643,1.0,0.59,CF SingleTree,20,0.68
feature_0 > -0.009 AND feature_0 > 0.555,1.835,0.23,,,2,0.78,0.56,2.005,1.0,0.51,CF SingleTree,20,0.68
feature_0 > -0.009 AND feature_0 > 0.555 AND feature_0 <= 1.37 AND feature_1 > 0.557,2.015,0.06,,,4,0.86,0.54,2.395,2.0,0.53,CF SingleTree,20,0.68
feature_0 > -0.009 AND feature_0 > 0.555 AND feature_0 > 1.37 AND feature_0 <= 1.65,2.037,0.04,,,4,0.87,0.54,2.301,1.0,0.5,CF SingleTree,20,0.68
feature_0 > -1.677 AND feature_0 > 0.086 AND feature_0 > 1.31 AND feature_16 <= -1.267,4.672,0.01,0.32,4.99,4,1.0,0.6,2.553,2.0,0.43,CT on D,20,
feature_0 > -1.677 AND feature_0 > 0.086 AND feature_0 > 1.31 AND feature_16 > -1.267 AND feature_1 > 1.166,4.658,0.01,1.87,6.53,5,1.0,0.6,3.604,3.0,0.6,CT on D,20,
feature_0 > -1.677,0.907,0.85,1.0,1.91,1,0.19,0.46,0.919,1.0,0.49,CT on D,20,
feature_0 > -1.677 AND feature_0 <= 0.086 AND feature_1 > 0.253 AND feature_1 > 1.572 AND feature_18 <= -0.143,3.157,0.01,0.44,3.59,5,0.68,0.41,1.489,3.0,0.25,CT on D,20,
feature_0 > -1.677 AND feature_0 > 0.086 AND feature_0 <= 1.31 AND feature_1 > -1.716 AND feature_12 <= -1.339 AND feature_3 > -0.249,3.035,0.02,0.32,3.36,6,0.65,0.4,1.467,4.0,0.25,CT on D,20,
feature_0 > -1.442 AND feature_0 > 1.279 AND feature_16 <= -1.268,4.924,0.01,-0.02,4.9,3,1.0,0.6,2.518,2.0,0.45,CT on P,20,
feature_0 > -1.442 AND feature_0 > 1.279 AND feature_16 > -1.268 AND feature_1 > 0.89,4.317,0.02,1.64,5.96,4,0.88,0.53,3.423,3.0,0.61,CT on P,20,
feature_0 > -1.442,0.919,0.93,1.01,1.93,1,0.19,0.48,0.965,1.0,0.54,CT on P,20,
feature_0 > -1.442 AND feature_0 <= 1.279,0.718,0.83,1.01,1.73,2,0.15,0.42,0.777,1.0,0.47,CT on P,20,
feature_0 > -1.442 AND feature_0 <= 1.279 AND feature_1 > 1.3 AND feature_0 > -0.793 AND feature_3 > -0.837 AND feature_7 <= -0.235,3.209,0.02,0.65,3.86,6,0.65,0.4,2.098,4.0,0.38,CT on P,20,
feature_0 > -0.573 AND feature_0 > 1.421 AND feature_8 > 1.082 AND feature_1 > 0.416,17.501,0.0,,,4,1.0,0.6,3.547,3.0,0.6,CF,20,10.45
feature_0 > -1.446,1.023,0.83,,,1,0.06,0.37,0.964,1.0,0.5,CF,20,10.45
feature_1 > -1.53,0.803,0.84,,,1,0.05,0.36,0.861,1.0,0.48,CF,20,10.45
feature_0 > 0.842 AND feature_1 > 1.355 AND feature_9 > -0.587 AND feature_13 <= -0.349,10.045,0.0,,,4,0.57,0.34,3.416,4.0,0.58,CF,20,10.45
feature_1 <= 1.232,0.618,0.8,,,1,0.04,0.34,0.688,1.0,0.44,CF,20,10.45
feature_0 > -0.625 AND feature_1 > 1.081 AND feature_0 > 1.124 AND feature_0 > 1.583,2.799,0.01,,,4,1.0,0.6,3.834,2.0,0.6,CF SingleTree,20,0.76
feature_0 > -0.625 AND feature_1 > 1.081 AND feature_0 > 1.124,2.518,0.02,,,3,0.9,0.55,3.399,2.0,0.54,CF SingleTree,20,0.76
feature_0 > -0.625,1.144,0.67,,,1,0.41,0.51,1.262,1.0,0.47,CF SingleTree,20,0.76
feature_0 > -0.625 AND feature_1 > 1.081 AND feature_0 > 1.124 AND feature_0 <= 1.583,2.311,0.01,,,4,0.83,0.5,3.077,2.0,0.49,CF SingleTree,20,0.76
feature_0 > -0.625 AND feature_1 > 1.081,1.938,0.1,,,2,0.69,0.46,2.216,2.0,0.39,CF SingleTree,20,0.76
feature_14 <= 1.366 AND feature_0 > -0.249 AND feature_1 > 1.006 AND feature_0 > 1.529,4.739,0.0,1.69,6.42,4,1.0,0.6,3.758,3.0,0.6,CT on D,20,
feature_14 <= 1.366 AND feature_0 > -0.249 AND feature_1 > 1.006 AND feature_0 <= 1.529 AND feature_10 > -0.574 AND feature_17 <= -0.706,4.134,0.01,0.25,4.39,6,0.87,0.53,2.213,5.0,0.36,CT on D,20,
feature_14 <= 1.366 AND feature_0 > -0.249 AND feature_1 <= 1.006 AND feature_0 > 1.302 AND feature_16 > -1.122 AND feature_1 <= -0.984,3.721,0.0,-0.54,3.18,6,0.79,0.47,2.054,4.0,0.33,CT on D,20,
feature_14 <= 1.366 AND feature_0 > -0.249 AND feature_1 > 1.006 AND feature_0 <= 1.529 AND feature_10 > -0.574,3.069,0.05,1.22,4.29,5,0.65,0.41,2.227,4.0,0.38,CT on D,20,
feature_14 <= 1.366 AND feature_0 <= -0.249 AND feature_0 <= -1.073 AND feature_1 <= 0.332 AND feature_0 <= -2.175,3.119,0.01,3.05,-0.07,5,0.66,0.4,2.068,3.0,0.33,CT on D,20,
feature_5 > -1.882 AND feature_0 > -0.116 AND feature_1 > 0.999 AND feature_5 > -0.538 AND feature_2 <= 0.232 AND feature_15 > 0.065,3.741,0.01,0.8,4.55,6,1.0,0.6,2.46,5.0,0.6,CT on P,20,
feature_5 > -1.882 AND feature_0 > -0.116 AND feature_1 > 0.999 AND feature_5 <= -0.538,3.593,0.02,0.76,4.35,4,0.96,0.58,2.457,3.0,0.6,CT on P,20,
feature_5 > -1.882 AND feature_0 > -0.116 AND feature_1 > 0.999 AND feature_5 > -0.538 AND feature_2 <= 0.232,3.006,0.03,0.94,3.95,5,0.8,0.49,2.48,4.0,0.61,CT on P,20,
feature_5 > -1.882,0.435,0.97,0.96,1.39,1,0.12,0.46,0.808,1.0,0.58,CT on P,20,
feature_5 > -1.882 AND feature_0 > -0.116 AND feature_1 > 0.999,2.555,0.06,1.31,3.86,3,0.68,0.43,2.482,3.0,0.62,CT on P,20,
feature_0 <= 0.292 AND feature_2 > 1.129 AND feature_0 <= -0.673 AND feature_3 > 1.318,10.218,0.0,,,4,1.0,0.6,0.464,3.0,0.07,CF,20,11.72
feature_0 <= -1.012 AND feature_19 > 1.376 AND feature_0 > -1.257,9.599,0.01,,,3,0.94,0.57,0.394,2.0,0.06,CF,20,11.72
feature_0 > 1.213 AND feature_15 <= 0.633 AND feature_1 > 1.32 AND feature_0 > 1.791,8.941,0.0,,,4,0.88,0.53,4.182,3.0,0.6,CF,20,11.72
feature_0 > -0.299 AND feature_1 > 0.863 AND feature_16 <= 0.057 AND feature_1 > 1.998,8.27,0.01,,,4,0.81,0.49,3.158,3.0,0.46,CF,20,11.72
feature_0 > -0.516 AND feature_1 > 0.786 AND feature_0 > 1.397 AND feature_3 > 1.143,8.076,0.0,,,4,0.79,0.47,3.407,3.0,0.49,CF,20,11.72
feature_0 > -0.291 AND feature_1 > 0.592 AND feature_0 > 0.498 AND feature_0 > 1.484,2.494,0.0,,,4,1.0,0.6,3.476,2.0,0.6,CF SingleTree,20,0.78
feature_0 > -0.291 AND feature_1 > 0.592 AND feature_0 > 0.498,2.189,0.03,,,3,0.88,0.54,2.631,2.0,0.47,CF SingleTree,20,0.78
feature_0 > -0.291 AND feature_1 > 0.592 AND feature_0 > 0.498 AND feature_0 <= 1.484,2.1,0.03,,,4,0.84,0.52,2.382,2.0,0.42,CF SingleTree,20,0.78
feature_0 > -0.291 AND feature_1 > 0.592,1.89,0.13,,,2,0.76,0.51,2.11,2.0,0.42,CF SingleTree,20,0.78
feature_0 > -0.291,1.377,0.39,,,1,0.55,0.49,1.436,1.0,0.4,CF SingleTree,20,0.78
feature_13 > -1.299 AND feature_0 > -0.903 AND feature_1 > 0.398 AND feature_15 <= -1.47,3.271,0.02,0.09,3.36,4,1.0,0.61,1.674,4.0,0.47,CT on D,20,
feature_13 > -1.299 AND feature_0 > -0.903 AND feature_1 <= 0.398 AND feature_0 > 1.152 AND feature_7 > -0.338 AND feature_9 > 0.312,3.173,0.02,0.33,3.5,6,0.97,0.59,2.181,5.0,0.61,CT on D,20,
feature_13 > -1.299 AND feature_0 > -0.903 AND feature_1 > 0.398 AND feature_15 > -1.47 AND feature_16 <= 1.125 AND feature_13 > 1.32,3.143,0.02,0.94,4.08,6,0.96,0.58,1.671,5.0,0.47,CT on D,20,
feature_13 <= -1.299 AND feature_12 > -0.949 AND feature_15 <= 1.138 AND feature_0 > -0.642 AND feature_14 <= 0.558 AND feature_1 > 0.528,3.085,0.01,0.71,3.79,6,0.94,0.57,1.913,6.0,0.53,CT on D,20,
feature_13 > -1.299 AND feature_0 <= -0.903 AND feature_1 <= -0.105 AND feature_19 > -0.903 AND feature_7 > -0.263 AND feature_18 > 0.305,2.851,0.01,2.77,-0.08,6,0.87,0.53,1.064,6.0,0.3,CT on D,20,
feature_13 > -1.246 AND feature_1 > 1.966,3.572,0.02,1.63,5.2,2,1.0,0.61,2.397,2.0,0.61,CT on P,20,
feature_13 > -1.246,0.721,0.89,1.25,1.98,1,0.2,0.48,0.799,1.0,0.56,CT on P,20,
feature_13 > -1.246 AND feature_1 <= 1.966,0.665,0.87,1.25,1.91,2,0.19,0.46,0.763,2.0,0.54,CT on P,20,
feature_13 <= -1.246 AND feature_19 > 0.318 AND feature_14 > -0.097,2.685,0.02,0.65,3.33,3,0.75,0.46,0.828,3.0,0.22,CT on P,20,
feature_13 > -1.246 AND feature_1 <= 1.966 AND feature_0 > -0.675 AND feature_1 > 0.277 AND feature_15 <= 0.41 AND feature_0 > 0.226,2.414,0.09,1.52,3.93,6,0.68,0.44,2.21,4.0,0.59,CT on P,20,
feature_0 > 0.07 AND feature_1 > 0.709 AND feature_7 > 0.804 AND feature_11 <= -0.934,17.096,0.0,,,4,1.0,0.6,2.416,4.0,0.48,CF,20,12.34
feature_0 > 0.247 AND feature_1 > 1.031 AND feature_10 > 0.66 AND feature_13 > 0.774,15.331,0.0,,,4,0.9,0.54,2.649,4.0,0.52,CF,20,12.34
feature_0 > 0.084 AND feature_1 > 1.305 AND feature_19 <= -0.984 AND feature_13 > 0.019,12.846,0.0,,,4,0.75,0.45,3.036,4.0,0.6,CF,20,12.34
feature_0 > -0.956,0.998,0.61,,,1,0.06,0.28,1.104,1.0,0.46,CF,20,12.34
feature_0 > -0.956 AND feature_1 <= 1.569,0.928,0.59,,,2,0.05,0.27,1.031,2.0,0.44,CF,20,12.34
feature_0 > 0.213 AND feature_0 > 0.757 AND feature_1 > 0.285 AND feature_1 > 0.701,2.18,0.05,,,4,1.0,0.62,2.86,2.0,0.62,CF SingleTree,20,0.77
feature_0 > 0.213 AND feature_0 > 0.757 AND feature_1 > 0.285,2.09,0.08,,,3,0.96,0.61,2.642,2.0,0.59,CF SingleTree,20,0.77
feature_0 > 0.213 AND feature_0 > 0.757,1.717,0.21,,,2,0.79,0.56,2.139,1.0,0.53,CF SingleTree,20,0.77
feature_0 > 0.213 AND feature_0 > 0.757 AND feature_1 > 0.285 AND feature_1 <= 0.701,1.954,0.03,,,4,0.9,0.55,2.312,2.0,0.5,CF SingleTree,20,0.77
feature_0 > 0.213,1.481,0.35,,,1,0.68,0.55,1.745,1.0,0.51,CF SingleTree,20,0.77
feature_2 > -0.612 AND feature_0 > 0.22 AND feature_1 > 0.598 AND feature_17 > 1.168,4.346,0.01,0.77,5.12,4,1.0,0.6,2.423,4.0,0.54,CT on D,20,
feature_2 > -0.612 AND feature_0 > 0.22 AND feature_1 > 0.598 AND feature_17 <= 1.168 AND feature_2 <= -0.105 AND feature_4 <= -0.122,3.764,0.01,0.21,3.97,6,0.87,0.52,2.509,5.0,0.56,CT on D,20,
feature_2 > -0.612 AND feature_0 > 0.22 AND feature_1 > 0.598 AND feature_17 <= 1.168 AND feature_2 > -0.105 AND feature_15 <= -0.841,3.734,0.01,1.07,4.8,6,0.86,0.52,2.508,5.0,0.56,CT on D,20,
feature_2 > -0.612 AND feature_0 > 0.22 AND feature_1 > 0.598 AND feature_17 <= 1.168 AND feature_2 <= -0.105,3.579,0.02,1.02,4.6,5,0.82,0.5,2.527,4.0,0.57,CT on D,20,
feature_2 <= -0.612 AND feature_7 > -0.394 AND feature_2 <= -0.774 AND feature_0 > -0.572 AND feature_0 > 0.171 AND feature_1 > 0.867,3.582,0.01,0.99,4.57,6,0.82,0.5,2.715,4.0,0.6,CT on D,20,
feature_2 > -0.701 AND feature_0 > 0.217 AND feature_1 > 0.485 AND feature_0 > 0.595 AND feature_7 <= -0.04 AND feature_8 <= 0.108,4.61,0.02,0.57,5.18,6,1.0,0.61,2.649,5.0,0.61,CT on P,20,
feature_2 > -0.701 AND feature_0 > 0.217 AND feature_1 > 0.485 AND feature_0 > 0.595 AND feature_7 <= -0.04,3.824,0.04,0.81,4.64,5,0.83,0.51,2.632,4.0,0.61,CT on P,20,
feature_2 > -0.701 AND feature_0 > 0.217 AND feature_1 <= 0.485 AND feature_0 > 1.231 AND feature_1 <= -1.048,3.799,0.01,-0.69,3.11,5,0.82,0.5,1.908,3.0,0.44,CT on P,20,
feature_2 <= -0.701 AND feature_7 > -0.394 AND feature_8 > -1.52 AND feature_0 > 0.241 AND feature_5 > 0.632,3.593,0.02,-0.02,3.57,5,0.78,0.48,1.774,5.0,0.41,CT on P,20,
feature_2 > -0.701 AND feature_0 > 0.217 AND feature_1 > 0.485 AND feature_0 > 0.595,3.1,0.07,1.23,4.33,4,0.67,0.43,2.627,3.0,0.62,CT on P,20,
feature_0 > 0.342 AND feature_1 > 0.712 AND feature_12 <= -1.544 AND feature_17 <= 0.002,27.348,0.0,,,4,1.0,0.6,2.459,4.0,0.6,CF,20,10.27
feature_0 <= -0.095 AND feature_11 > 1.591 AND feature_15 <= -1.092,21.927,0.0,,,3,0.8,0.48,0.04,3.0,0.01,CF,20,10.27
feature_0 <= 1.262,0.646,0.84,,,1,0.02,0.35,0.599,1.0,0.48,CF,20,10.27
feature_0 <= 1.286,0.569,0.84,,,1,0.02,0.35,0.607,1.0,0.48,CF,20,10.27
feature_0 > -0.928,0.988,0.78,,,1,0.04,0.33,1.121,1.0,0.59,CF,20,10.27
feature_0 > 0.176 AND feature_1 > 0.629 AND feature_0 > 0.351 AND feature_1 > 1.009,2.641,0.06,,,4,1.0,0.62,2.786,2.0,0.62,CF SingleTree,20,0.82
feature_0 > 0.176 AND feature_1 > 0.629 AND feature_0 > 0.351,2.496,0.1,,,3,0.95,0.61,2.558,2.0,0.59,CF SingleTree,20,0.82
feature_0 > 0.176 AND feature_1 > 0.629,2.417,0.12,,,2,0.92,0.6,2.45,2.0,0.58,CF SingleTree,20,0.82
feature_0 > 0.176,1.759,0.42,,,1,0.67,0.57,1.728,1.0,0.54,CF SingleTree,20,0.82
feature_0 > 0.176 AND feature_1 <= 0.629 AND feature_0 > 1.393 AND feature_0 > 1.793,2.444,0.03,,,4,0.93,0.57,2.731,2.0,0.6,CF SingleTree,20,0.82
feature_18 <= 1.395 AND feature_0 > -0.186 AND feature_1 > 1.11 AND feature_1 > 1.732 AND feature_0 > 0.604,4.441,0.01,1.75,6.2,5,1.0,0.6,3.438,3.0,0.6,CT on D,20,
feature_18 <= 1.395 AND feature_0 > -0.186 AND feature_1 > 1.11 AND feature_1 > 1.732,3.871,0.02,1.42,5.29,4,0.87,0.53,2.956,3.0,0.52,CT on D,20,
feature_18 <= 1.395 AND feature_0 > -0.186 AND feature_1 > 1.11 AND feature_1 <= 1.732 AND feature_6 <= 0.58 AND feature_7 > 0.116,3.69,0.01,0.91,4.6,6,0.83,0.5,2.299,5.0,0.41,CT on D,20,
feature_18 > 1.395 AND feature_11 > -0.759 AND feature_14 > -0.618 AND feature_0 > 0.127 AND feature_15 > 0.11,3.46,0.01,-0.18,3.28,5,0.78,0.47,1.74,5.0,0.31,CT on D,20,
feature_18 <= 1.395 AND feature_0 > -0.186 AND feature_1 <= 1.11 AND feature_1 > -0.416 AND feature_0 > 1.303 AND feature_2 > -0.012,3.258,0.03,0.77,4.03,6,0.73,0.45,2.677,4.0,0.48,CT on D,20,
feature_18 <= 1.364 AND feature_0 > 1.418 AND feature_3 > -0.267 AND feature_16 > 0.584,4.485,0.01,0.42,4.9,4,1.0,0.6,2.651,4.0,0.58,CT on P,20,
feature_18 > 1.364 AND feature_0 > 0.102 AND feature_7 <= 0.446 AND feature_1 > 0.007,3.958,0.01,-0.09,3.87,4,0.88,0.53,2.086,4.0,0.46,CT on P,20,
feature_18 <= 1.364,0.824,0.91,0.97,1.8,1,0.18,0.47,0.814,1.0,0.54,CT on P,20,
feature_18 <= 1.364 AND feature_0 > 1.418 AND feature_3 > -0.267 AND feature_16 <= 0.584 AND feature_4 > 0.277,3.324,0.01,1.9,5.22,5,0.74,0.45,2.772,5.0,0.6,CT on P,20,
feature_18 <= 1.364 AND feature_0 > 1.418 AND feature_3 > -0.267,3.189,0.04,1.12,4.31,3,0.71,0.44,2.68,3.0,0.6,CT on P,20,
feature_0 > -0.825 AND feature_1 > 1.541 AND feature_4 > 0.948 AND feature_0 > 0.295,9.38,0.0,,,4,1.0,0.6,3.155,3.0,0.46,CF,20,11.24
feature_0 > 1.484 AND feature_1 > -0.217 AND feature_10 <= 0.29 AND feature_1 > 1.708,8.685,0.0,,,4,0.93,0.56,4.086,3.0,0.6,CF,20,11.24
feature_0 > 1.256 AND feature_1 > 1.322 AND feature_12 > -1.175 AND feature_14 > 0.547,8.55,0.0,,,4,0.91,0.55,3.613,4.0,0.53,CF,20,11.24
feature_0 > 0.115 AND feature_0 > 1.18 AND feature_1 > 1.356 AND feature_10 <= -0.577,7.804,0.0,,,4,0.83,0.5,3.722,3.0,0.55,CF,20,11.24
feature_0 > 1.256 AND feature_1 > 1.322 AND feature_12 > -1.175,6.882,0.01,,,3,0.73,0.44,3.643,3.0,0.54,CF,20,11.24
feature_0 > -0.683 AND feature_0 > 0.232 AND feature_1 > 0.902 AND feature_0 > 0.843,2.465,0.04,,,4,1.0,0.62,3.102,2.0,0.62,CF SingleTree,20,0.87
feature_0 > -0.683 AND feature_0 > 0.232 AND feature_1 > 0.902,2.196,0.07,,,3,0.89,0.56,2.658,2.0,0.54,CF SingleTree,20,0.87
feature_0 > -0.683,1.233,0.63,,,1,0.5,0.55,1.233,1.0,0.49,CF SingleTree,20,0.87
feature_0 > -0.683 AND feature_0 > 0.232,1.583,0.37,,,2,0.64,0.53,1.779,1.0,0.49,CF SingleTree,20,0.87
feature_0 > -0.683 AND feature_0 > 0.232 AND feature_1 > 0.902 AND feature_0 <= 0.843,1.905,0.04,,,4,0.77,0.48,2.179,2.0,0.44,CF SingleTree,20,0.87
feature_17 <= 1.47 AND feature_0 > -0.311 AND feature_0 > 1.114 AND feature_1 > 0.097 AND feature_3 > -0.19 AND feature_2 > -0.498,4.369,0.02,1.2,5.57,6,1.0,0.61,2.833,5.0,0.6,CT on D,20,
feature_17 <= 1.47 AND feature_0 > -0.311 AND feature_0 > 1.114 AND feature_1 > 0.097 AND feature_3 > -0.19,3.874,0.03,1.57,5.44,5,0.89,0.54,2.845,4.0,0.61,CT on D,20,
feature_17 <= 1.47 AND feature_0 > -0.311 AND feature_0 <= 1.114 AND feature_1 > -0.501 AND feature_11 <= -1.319 AND feature_15 <= 0.228,3.407,0.02,0.36,3.77,6,0.78,0.48,1.379,5.0,0.3,CT on D,20,
feature_17 <= 1.47 AND feature_0 > -0.311 AND feature_0 > 1.114 AND feature_1 > 0.097,3.135,0.05,1.48,4.61,4,0.72,0.45,2.852,3.0,0.62,CT on D,20,
feature_17 <= 1.47,0.84,0.83,0.95,1.79,1,0.19,0.45,0.793,1.0,0.5,CT on D,20,
feature_17 <= 1.553 AND feature_0 > 0.341 AND feature_1 > 0.287 AND feature_0 > 1.329 AND feature_16 > -0.25,4.273,0.02,0.9,5.18,5,1.0,0.61,3.124,4.0,0.61,CT on P,20,
feature_17 <= 1.553 AND feature_0 > 0.341 AND feature_1 > 0.287 AND feature_0 <= 1.329 AND feature_15 > -0.292 AND feature_16 > 0.682,4.099,0.01,0.54,4.64,6,0.96,0.58,2.129,5.0,0.41,CT on P,20,
feature_17 <= 1.553 AND feature_0 > 0.341 AND feature_1 > 0.287 AND feature_0 > 1.329,3.72,0.03,1.36,5.08,4,0.87,0.53,3.11,3.0,0.61,CT on P,20,
feature_17 <= 1.553 AND feature_0 <= 0.341 AND feature_0 > -0.745 AND feature_1 > 1.056 AND feature_15 <= 0.305 AND feature_13 <= 0.317,3.486,0.02,0.48,3.97,6,0.82,0.5,1.561,5.0,0.31,CT on P,20,
feature_17 <= 1.553,0.834,0.94,1.0,1.83,1,0.2,0.49,0.795,1.0,0.53,CT on P,20,
feature_0 > 0.146 AND feature_1 > 0.706 AND feature_0 <= 0.512 AND feature_4 <= -1.408,12.946,0.0,,,4,1.0,0.6,1.817,3.0,0.6,CF,20,10.61
feature_0 > -1.284,0.982,0.8,,,1,0.08,0.37,0.986,1.0,0.65,CF,20,10.61
feature_0 <= 1.174,0.694,0.78,,,1,0.05,0.34,0.566,1.0,0.5,CF,20,10.61
feature_0 > -0.728,1.294,0.7,,,1,0.1,0.34,1.188,1.0,0.67,CF,20,10.61
feature_1 <= 0.971,0.709,0.76,,,1,0.05,0.34,0.633,1.0,0.51,CF,20,10.61
feature_0 > 0.072 AND feature_1 > 0.434 AND feature_0 > 0.436 AND feature_0 > 1.099,2.277,0.04,,,4,1.0,0.62,2.981,2.0,0.62,CF SingleTree,20,0.78
feature_0 > 0.072 AND feature_1 > 0.434 AND feature_0 > 0.436,2.112,0.1,,,3,0.93,0.6,2.481,2.0,0.54,CF SingleTree,20,0.78
feature_0 > 0.072,1.592,0.44,,,1,0.7,0.6,1.636,1.0,0.51,CF SingleTree,20,0.78
feature_0 > 0.072 AND feature_1 > 0.434,1.949,0.15,,,2,0.86,0.57,2.24,2.0,0.51,CF SingleTree,20,0.78
feature_0 > 0.072 AND feature_1 > 0.434 AND feature_0 > 0.436 AND feature_0 <= 1.099,1.989,0.06,,,4,0.87,0.55,2.111,2.0,0.45,CF SingleTree,20,0.78
feature_11 <= 1.552 AND feature_0 > 0.471 AND feature_0 > 1.437 AND feature_16 > -0.11 AND feature_4 > -0.242 AND feature_1 > -0.074,4.615,0.01,1.26,5.87,6,1.0,0.6,3.053,5.0,0.6,CT on D,20,
feature_11 <= 1.552 AND feature_0 > 0.471 AND feature_0 > 1.437 AND feature_16 > -0.11 AND feature_4 > -0.242,3.985,0.02,0.6,4.58,5,0.86,0.53,2.69,4.0,0.54,CT on D,20,
feature_11 <= 1.552 AND feature_0 > 0.471 AND feature_0 > 1.437 AND feature_16 > -0.11,3.365,0.04,0.77,4.14,4,0.73,0.45,2.712,3.0,0.55,CT on D,20,
feature_11 <= 1.552 AND feature_0 > 0.471 AND feature_0 > 1.437 AND feature_16 > -0.11 AND feature_4 > -0.242 AND feature_1 <= -0.074,3.289,0.01,-0.13,3.16,6,0.71,0.43,2.29,5.0,0.45,CT on D,20,
feature_11 <= 1.552 AND feature_0 > 0.471 AND feature_0 <= 1.437 AND feature_1 > 1.544,3.249,0.01,1.84,5.08,4,0.7,0.43,2.995,3.0,0.59,CT on D,20,
feature_0 > 0.935 AND feature_1 <= 0.825 AND feature_0 > 1.328 AND feature_4 > 0.471,3.878,0.02,1.36,5.23,4,1.0,0.61,2.451,3.0,0.48,CT on P,20,
feature_0 > 0.935 AND feature_1 > 0.825,3.761,0.04,2.03,5.79,2,0.97,0.6,3.113,2.0,0.62,CT on P,20,
feature_0 <= 0.935 AND feature_0 > -0.181 AND feature_1 > 0.321 AND feature_17 <= 0.188 AND feature_2 <= 1.032 AND feature_11 > 0.037,3.572,0.02,0.44,4.01,6,0.92,0.56,1.724,5.0,0.34,CT on P,20,
feature_0 <= 0.935 AND feature_0 <= -0.181 AND feature_1 <= 0.069 AND feature_14 > -0.339 AND feature_11 > -0.244 AND feature_5 <= -0.442,3.037,0.03,2.69,-0.35,6,0.78,0.48,0.49,5.0,0.11,CT on P,20,
feature_0 > 0.935 AND feature_1 <= 0.825 AND feature_0 > 1.328 AND feature_4 <= 0.471 AND feature_14 > 0.028,3.021,0.02,-0.15,2.87,5,0.78,0.48,2.384,4.0,0.47,CT on P,20,
feature_0 <= -0.023 AND feature_1 > 0.9 AND feature_13 > 1.371 AND feature_16 <= 0.024,36.955,0.0,,,4,1.0,0.6,0.813,4.0,0.34,CF,20,14.79
feature_1 <= 1.042 AND feature_0 > -0.029 AND feature_2 > 0.157,1.394,0.42,,,3,0.04,0.19,1.421,3.0,0.77,CF,20,14.79
feature_0 > -1.343,1.073,0.41,,,1,0.03,0.18,0.978,1.0,0.58,CF,20,14.79
feature_0 > -1.381,0.697,0.41,,,1,0.02,0.18,0.966,1.0,0.57,CF,20,14.79
feature_0 > -0.951,1.091,0.39,,,1,0.03,0.17,1.116,1.0,0.63,CF,20,14.79
feature_0 > -0.012 AND feature_0 > 0.828 AND feature_1 > 0.812 AND feature_1 > 1.031,2.565,0.03,,,4,1.0,0.61,3.198,2.0,0.61,CF SingleTree,20,0.77
feature_0 > -0.012 AND feature_0 > 0.828 AND feature_1 > 0.812,2.474,0.04,,,3,0.96,0.59,3.034,2.0,0.59,CF SingleTree,20,0.77
feature_0 > -0.012 AND feature_0 > 0.828 AND feature_1 > 0.812 AND feature_1 <= 1.031,2.255,0.01,,,4,0.88,0.53,2.638,2.0,0.5,CF SingleTree,20,0.77
feature_0 > -0.012 AND feature_0 > 0.828,1.823,0.15,,,2,0.71,0.49,2.233,1.0,0.48,CF SingleTree,20,0.77
feature_0 > -0.012 AND feature_0 <= 0.828 AND feature_1 > 0.883 AND feature_1 > 1.101,1.827,0.04,,,4,0.71,0.44,2.173,2.0,0.42,CF SingleTree,20,0.77
feature_17 <= 1.177 AND feature_0 > 1.587 AND feature_1 > 0.796,4.439,0.01,1.63,6.07,3,1.0,0.6,3.588,3.0,0.6,CT on D,20,
feature_17 <= 1.177 AND feature_0 <= 1.587 AND feature_0 > 0.561 AND feature_17 <= 0.174 AND feature_6 > -0.126 AND feature_1 > 0.692,4.162,0.02,1.12,5.28,6,0.94,0.57,2.519,4.0,0.43,CT on D,20,
feature_17 <= 1.177 AND feature_0 > 1.587 AND feature_1 <= 0.796 AND feature_7 <= -0.467,3.743,0.01,0.57,4.31,4,0.84,0.51,2.607,4.0,0.44,CT on D,20,
feature_17 <= 1.177 AND feature_0 <= 1.587 AND feature_0 > 0.561 AND feature_17 <= 0.174 AND feature_6 <= -0.126 AND feature_10 > 0.81,3.048,0.01,0.03,3.08,6,0.69,0.42,1.838,4.0,0.31,CT on D,20,
feature_17 <= 1.177 AND feature_0 > 1.587,2.769,0.05,1.25,4.01,2,0.62,0.39,2.812,2.0,0.49,CT on D,20,
feature_17 <= 0.925 AND feature_1 <= 1.767 AND feature_0 > -1.169 AND feature_0 > 1.113 AND feature_7 <= 0.112 AND feature_4 <= -0.381,3.399,0.02,-0.12,3.28,6,1.0,0.61,2.387,5.0,0.6,CT on P,20,
feature_17 <= 0.925 AND feature_1 > 1.767,2.977,0.03,1.79,4.76,2,0.88,0.54,2.413,2.0,0.61,CT on P,20,
feature_17 <= 0.925,0.761,0.83,1.01,1.77,1,0.22,0.47,0.805,1.0,0.53,CT on P,20,
feature_17 > 0.925 AND feature_3 > -0.546 AND feature_9 <= -0.111 AND feature_1 > -0.25 AND feature_14 <= -0.392,2.575,0.02,0.1,2.67,5,0.76,0.46,1.079,5.0,0.28,CT on P,20,
feature_17 <= 0.925 AND feature_1 <= 1.767 AND feature_0 > -1.169 AND feature_0 <= 1.113 AND feature_1 > 0.149 AND feature_7 > 1.396,2.568,0.02,0.18,2.75,6,0.76,0.46,1.21,4.0,0.31,CT on P,20,
feature_0 > 0.938 AND feature_1 > 1.11 AND feature_12 > -0.94 AND feature_13 > 0.65,8.646,0.0,,,4,1.0,0.6,3.322,4.0,0.5,CF,20,13.64
feature_0 > 0.093 AND feature_1 > 1.286 AND feature_9 > -0.484 AND feature_0 > 1.629,8.358,0.0,,,4,0.97,0.58,4.025,3.0,0.6,CF,20,13.64
feature_0 > 0.317 AND feature_1 > 0.124 AND feature_1 > 2.043 AND feature_10 > 0.289,7.397,0.0,,,4,0.86,0.51,3.392,3.0,0.51,CF,20,13.64
feature_0 > 0.781 AND feature_1 > 1.309 AND feature_16 > 0.084 AND feature_15 > 0.694,7.158,0.0,,,4,0.83,0.5,3.446,4.0,0.51,CF,20,13.64
feature_0 > 0.614 AND feature_1 > 0.554 AND feature_16 > 0.883 AND feature_11 <= -0.414,6.402,0.01,,,4,0.74,0.45,2.556,4.0,0.39,CF,20,13.64
feature_0 > 0.355 AND feature_1 > 0.807 AND feature_0 > 0.632 AND feature_1 > 1.105,2.657,0.03,,,4,1.0,0.61,3.073,2.0,0.61,CF SingleTree,20,0.83
feature_0 > 0.355 AND feature_1 > 0.807 AND feature_0 > 0.632,2.492,0.05,,,3,0.94,0.58,2.844,2.0,0.58,CF SingleTree,20,0.83
feature_0 > 0.355 AND feature_1 > 0.807,2.277,0.07,,,2,0.86,0.54,2.642,2.0,0.54,CF SingleTree,20,0.83
feature_0 > 0.355 AND feature_1 > 0.807 AND feature_0 > 0.632 AND feature_1 <= 1.105,2.227,0.02,,,4,0.84,0.51,2.475,2.0,0.49,CF SingleTree,20,0.83
feature_0 > 0.355,1.613,0.28,,,1,0.61,0.48,1.856,1.0,0.47,CF SingleTree,20,0.83
feature_9 <= 0.815 AND feature_0 > -0.625 AND feature_1 > 0.217 AND feature_8 > -1.589 AND feature_0 > -0.264 AND feature_19 > 1.383,3.368,0.03,0.79,4.16,6,1.0,0.61,2.02,5.0,0.55,CT on D,20,
feature_9 > 0.815 AND feature_15 <= 0.474 AND feature_7 <= 0.887 AND feature_0 > 0.857 AND feature_2 <= 0.087,3.38,0.01,0.28,3.66,5,1.0,0.6,2.226,5.0,0.59,CT on D,20,
feature_9 <= 0.815 AND feature_0 <= -0.625 AND feature_1 <= 1.366 AND feature_1 <= -0.533 AND feature_0 <= -1.558,3.023,0.01,2.81,-0.21,5,0.89,0.54,1.739,3.0,0.46,CT on D,20,
feature_9 > 0.815 AND feature_15 <= 0.474 AND feature_7 <= 0.887 AND feature_0 > 0.857,2.843,0.02,0.55,3.39,4,0.84,0.51,2.264,4.0,0.61,CT on D,20,
feature_9 <= 0.815 AND feature_0 > -0.625 AND feature_1 > 0.217 AND feature_8 > -1.589 AND feature_0 > -0.264,2.289,0.17,1.15,3.44,5,0.68,0.47,1.925,4.0,0.58,CT on D,20,
feature_1 <= 0.914 AND feature_0 > 1.966,3.978,0.02,0.96,4.94,2,1.0,0.61,2.982,2.0,0.61,CT on P,20,
feature_1 <= 0.914 AND feature_0 <= 1.966 AND feature_0 > 0.71 AND feature_6 > 1.113,3.606,0.02,0.53,4.14,4,0.91,0.55,1.76,3.0,0.36,CT on P,20,
feature_1 > 0.914 AND feature_8 > 0.454 AND feature_0 > -0.424,3.488,0.04,0.55,4.04,3,0.88,0.54,2.184,3.0,0.46,CT on P,20,
feature_1 > 0.914 AND feature_8 <= 0.454 AND feature_13 <= 0.855 AND feature_13 > 0.391,3.159,0.02,1.36,4.52,4,0.79,0.48,1.665,3.0,0.34,CT on P,20,
feature_1 <= 0.914,0.708,0.82,0.93,1.64,1,0.18,0.43,0.627,1.0,0.45,CT on P,20,
feature_0 > 0.798 AND feature_6 > 0.091 AND feature_1 <= -1.286 AND feature_16 <= -0.41,20.413,0.0,,,4,1.0,0.6,1.55,4.0,0.23,CF,20,13.98
feature_0 > -0.276 AND feature_1 > 1.125 AND feature_0 > 1.767 AND feature_18 <= 0.091,12.717,0.0,,,4,0.62,0.37,4.024,3.0,0.6,CF,20,13.98
feature_0 > -0.428 AND feature_1 > 0.864 AND feature_5 > 1.084 AND feature_7 > 0.348,8.2,0.01,,,4,0.4,0.25,2.146,4.0,0.32,CF,20,13.98
feature_0 > -0.946,1.425,0.49,,,1,0.07,0.24,1.123,1.0,0.36,CF,20,13.98
feature_0 > -0.982,1.29,0.49,,,1,0.06,0.23,1.109,1.0,0.36,CF,20,13.98
feature_0 > 0.44 AND feature_1 > 0.72 AND feature_0 > 0.718 AND feature_1 > 1.065,2.648,0.03,,,4,1.0,0.61,3.049,2.0,0.61,CF SingleTree,20,0.78
feature_0 > 0.44 AND feature_1 > 0.72 AND feature_0 > 0.718,2.517,0.05,,,3,0.95,0.59,2.823,2.0,0.58,CF SingleTree,20,0.78
feature_0 > 0.44 AND feature_1 > 0.72,2.319,0.07,,,2,0.88,0.55,2.621,2.0,0.54,CF SingleTree,20,0.78
feature_0 > 0.44 AND feature_1 > 0.72 AND feature_0 > 0.718 AND feature_1 <= 1.065,2.338,0.02,,,4,0.88,0.54,2.514,2.0,0.5,CF SingleTree,20,0.78
feature_0 > 0.44,1.785,0.25,,,1,0.67,0.5,1.901,1.0,0.47,CF SingleTree,20,0.78
