condition,t_est,distance,T0,T1,depth,norm_cate,score,t,features,true_score,algorithm,n,execution_time
feature_0 > 0.863,2.698,0.19,1.06,3.75,1,1.0,0.68,2.275,1.0,0.68,CT on D,1000,
feature_0 <= 0.863 AND feature_1 > -0.241 AND feature_9 > -0.41 AND feature_5 > 0.073,2.285,0.14,0.37,2.66,4,0.85,0.56,0.778,4.0,0.26,CT on D,1000,
feature_0 <= 0.863 AND feature_1 <= -0.241 AND feature_4 <= -0.492,1.902,0.11,1.18,-0.72,3,0.7,0.47,0.081,3.0,0.07,CT on D,1000,
feature_0 <= 0.863 AND feature_1 > -0.241 AND feature_9 > -0.41,1.339,0.32,0.42,1.76,3,0.5,0.43,0.799,3.0,0.34,CT on D,1000,
feature_0 <= 0.863 AND feature_1 > -0.241,0.935,0.46,0.57,1.5,2,0.35,0.39,0.783,2.0,0.39,CT on D,1000,
feature_0 > 1.033,2.742,0.15,1.31,4.05,1,1.0,0.66,2.379,1.0,0.66,CT on P,1000,
feature_0 <= 1.033 AND feature_1 > -0.264 AND feature_0 > -0.833 AND feature_7 > 0.349,2.387,0.11,0.12,2.51,4,0.87,0.57,1.255,3.0,0.36,CT on P,1000,
feature_0 <= 1.033 AND feature_1 > -0.264 AND feature_0 > -0.833,1.497,0.38,0.44,1.94,3,0.55,0.48,1.209,2.0,0.46,CT on P,1000,
feature_0 <= 1.033 AND feature_1 > -0.264,1.091,0.51,0.49,1.58,2,0.4,0.44,0.864,2.0,0.42,CT on P,1000,
feature_0 <= 1.033 AND feature_1 <= -0.264 AND feature_3 <= -0.091,1.7,0.16,1.13,-0.57,3,0.62,0.44,0.037,3.0,0.07,CT on P,1000,
feature_0 > -0.395 AND feature_0 <= 0.991 AND feature_3 > 1.029 AND feature_9 > 0.274,26.507,0.03,,,4,1.0,0.61,1.09,3.0,0.61,CF,1000,4.04
feature_0 <= -1.329 AND feature_9 > -0.236 AND feature_1 > 0.425,26.569,0.01,,,3,1.0,0.6,0.326,3.0,0.18,CF,1000,4.04
feature_1 > -0.349 AND feature_0 <= 1.015 AND feature_7 <= -1.284 AND feature_2 > -0.317,21.618,0.04,,,4,0.81,0.5,0.825,4.0,0.47,CF,1000,4.04
feature_2 <= 1.304,1.344,0.87,,,1,0.05,0.38,0.796,1.0,0.79,CF,1000,4.04
feature_4 <= 1.559,0.966,0.89,,,1,0.04,0.38,0.798,1.0,0.8,CF,1000,4.04
feature_0 > 0.045 AND feature_0 > 0.889 AND feature_1 > -0.205 AND feature_0 > 1.192,1.421,0.07,,,4,1.0,0.63,2.795,2.0,0.63,CF SingleTree,1000,0.53
feature_0 > 0.045 AND feature_0 > 0.889 AND feature_1 > -0.205,1.309,0.12,,,3,0.92,0.6,2.558,2.0,0.6,CF SingleTree,1000,0.53
feature_0 > 0.045 AND feature_0 > 0.889,1.207,0.18,,,2,0.85,0.58,2.313,1.0,0.57,CF SingleTree,1000,0.53
feature_0 > 0.045,0.887,0.46,,,1,0.62,0.56,1.67,1.0,0.54,CF SingleTree,1000,0.53
feature_0 > 0.045 AND feature_0 > 0.889 AND feature_1 > -0.205 AND feature_0 <= 1.192,1.164,0.05,,,4,0.82,0.51,2.244,2.0,0.5,CF SingleTree,1000,0.53
feature_0 > -0.542 AND feature_6 > 0.99,2.652,0.07,0.18,2.83,2,1.0,0.63,1.301,2.0,0.63,CT on D,1000,
feature_0 > -0.542,1.11,0.67,1.06,2.17,1,0.42,0.52,1.288,1.0,0.86,CT on D,1000,
feature_0 > -0.542 AND feature_6 <= 0.99 AND feature_5 > 0.377,1.6,0.21,0.63,2.23,3,0.6,0.45,1.244,3.0,0.66,CT on D,1000,
feature_0 <= -0.542 AND feature_2 <= -0.029,1.691,0.14,1.47,-0.22,2,0.64,0.44,0.367,2.0,0.23,CT on D,1000,
feature_0 > -0.542 AND feature_6 <= 0.99,0.814,0.63,1.23,2.04,2,0.31,0.44,1.285,2.0,0.84,CT on D,1000,
feature_0 > -0.52 AND feature_6 <= 0.757 AND feature_3 > 0.105 AND feature_0 > 0.617,2.563,0.13,1.32,3.88,4,1.0,0.65,1.947,3.0,0.65,CT on P,1000,
feature_0 > -0.52 AND feature_6 > 0.757,2.357,0.11,0.14,2.5,2,0.92,0.6,1.273,2.0,0.44,CT on P,1000,
feature_0 > -0.52,1.057,0.69,1.09,2.15,1,0.41,0.52,1.301,1.0,0.68,CT on P,1000,
feature_0 <= -0.52 AND feature_2 <= -0.029,1.753,0.14,1.53,-0.22,2,0.68,0.47,0.36,2.0,0.17,CT on P,1000,
feature_0 > -0.52 AND feature_6 <= 0.757 AND feature_3 > 0.105,1.305,0.3,1.44,2.75,3,0.51,0.43,1.322,3.0,0.53,CT on P,1000,
feature_0 > 0.024 AND feature_8 > -1.29 AND feature_6 > -0.542 AND feature_4 > 1.576,33.615,0.02,,,4,1.0,0.61,1.54,4.0,0.61,CF,1000,4.32
feature_0 > -1.5 AND feature_1 <= 1.56 AND feature_9 > 1.55 AND feature_7 <= -0.185,30.933,0.02,,,4,0.92,0.56,0.907,4.0,0.36,CF,1000,4.32
feature_8 > -1.62,0.712,0.9,,,1,0.02,0.37,0.807,1.0,0.67,CF,1000,4.32
feature_1 <= 1.558,0.652,0.89,,,1,0.02,0.37,0.736,1.0,0.64,CF,1000,4.32
feature_4 <= 1.465,1.0,0.87,,,1,0.03,0.37,0.813,1.0,0.66,CF,1000,4.32
feature_0 > 0.499 AND feature_6 > 0.384 AND feature_0 > 0.741 AND feature_8 > -0.933,1.228,0.07,,,4,1.0,0.63,2.076,3.0,0.49,CF SingleTree,1000,0.55
feature_0 > 0.499 AND feature_6 > 0.384 AND feature_0 > 0.741,1.183,0.08,,,3,0.96,0.61,2.017,2.0,0.49,CF SingleTree,1000,0.55
feature_0 > 0.499,0.958,0.31,,,1,0.78,0.59,1.892,1.0,0.55,CF SingleTree,1000,0.55
feature_0 > 0.499 AND feature_6 > 0.384,1.108,0.11,,,2,0.9,0.59,1.829,2.0,0.45,CF SingleTree,1000,0.55
feature_0 > 0.499 AND feature_6 <= 0.384 AND feature_0 > 1.183 AND feature_1 > -0.618,1.052,0.05,,,4,0.86,0.53,2.671,3.0,0.62,CF SingleTree,1000,0.55
feature_4 > -0.587 AND feature_0 > 0.635,1.878,0.22,1.37,3.25,2,1.0,0.69,2.036,2.0,0.69,CT on D,1000,
feature_4 > -0.587 AND feature_0 <= 0.635 AND feature_2 <= 0.797 AND feature_1 > 0.672,1.614,0.12,0.43,2.04,4,0.86,0.56,1.283,4.0,0.43,CT on D,1000,
feature_4 <= -0.587 AND feature_3 <= -0.342,1.658,0.0,-0.49,1.16,2,0.88,0.53,0.636,2.0,0.19,CT on D,1000,
feature_4 > -0.587 AND feature_0 <= 0.635 AND feature_2 <= 0.797 AND feature_1 <= 0.672 AND feature_9 <= 0.332 AND feature_2 > -0.261,1.439,0.13,0.22,1.66,6,0.77,0.51,0.087,5.0,0.08,CT on D,1000,
feature_4 > -0.587,0.574,0.68,1.29,1.86,1,0.31,0.46,0.784,1.0,0.5,CT on D,1000,
feature_1 > 0.65,2.114,0.24,1.27,3.39,1,1.0,0.7,1.493,1.0,0.7,CT on P,1000,
feature_1 <= 0.65 AND feature_0 > -0.126 AND feature_4 <= 0.677,1.724,0.21,1.09,2.82,3,0.82,0.57,1.229,3.0,0.58,CT on P,1000,
feature_1 <= 0.65 AND feature_0 <= -0.126,1.481,0.34,1.92,0.44,2,0.7,0.56,0.386,2.0,0.29,CT on P,1000,
feature_1 <= 0.65 AND feature_0 > -0.126,0.87,0.42,1.46,2.33,2,0.41,0.41,1.237,2.0,0.67,CT on P,1000,
feature_1 <= 0.65,0.169,0.76,1.66,1.49,1,0.08,0.35,0.506,1.0,0.51,CT on P,1000,
feature_0 > 1.432 AND feature_3 <= -0.037 AND feature_0 <= 1.832,16.937,0.02,,,3,1.0,0.61,2.322,2.0,0.61,CF,1000,5.44
feature_7 <= 0.495 AND feature_5 > 0.572 AND feature_8 <= -0.671 AND feature_0 > -0.097,12.168,0.03,,,4,0.72,0.44,1.28,4.0,0.34,CF,1000,5.44
feature_0 <= 0.506 AND feature_4 <= -1.259 AND feature_3 <= -0.397,11.977,0.0,,,3,0.71,0.42,0.225,3.0,0.06,CF,1000,5.44
feature_1 > 0.661 AND feature_0 <= 0.944 AND feature_2 <= 0.206 AND feature_2 <= -0.988,10.635,0.04,,,4,0.63,0.39,0.888,3.0,0.25,CF,1000,5.44
feature_2 <= 1.298 AND feature_4 > 0.166,0.518,0.84,,,2,0.03,0.35,0.783,2.0,0.54,CF,1000,5.44
feature_1 > 0.703 AND feature_0 > 0.09 AND feature_3 <= -0.42 AND feature_0 > 1.294,1.55,0.01,,,4,1.0,0.6,3.037,3.0,0.6,CF SingleTree,1000,0.57
feature_1 > 0.703 AND feature_0 > 0.09 AND feature_3 <= -0.42,1.257,0.06,,,3,0.81,0.51,2.394,3.0,0.5,CF SingleTree,1000,0.57
feature_1 > 0.703 AND feature_0 > 0.09 AND feature_3 <= -0.42 AND feature_0 <= 1.294,1.167,0.05,,,4,0.75,0.47,2.195,3.0,0.45,CF SingleTree,1000,0.57
feature_1 > 0.703 AND feature_0 > 0.09,1.1,0.11,,,2,0.71,0.47,2.36,2.0,0.51,CF SingleTree,1000,0.57
feature_1 > 0.703 AND feature_0 > 0.09 AND feature_3 > -0.42 AND feature_0 > 0.959,1.115,0.01,,,4,0.72,0.44,2.878,3.0,0.57,CF SingleTree,1000,0.57
feature_6 > -0.887 AND feature_0 > -0.315 AND feature_1 > 0.674,2.797,0.09,0.77,3.57,3,1.0,0.64,2.081,3.0,0.64,CT on D,1000,
feature_6 > -0.887 AND feature_0 > -0.315 AND feature_1 <= 0.674 AND feature_7 > 0.072,1.833,0.12,0.7,2.54,4,0.66,0.44,1.238,4.0,0.4,CT on D,1000,
feature_6 > -0.887 AND feature_0 > -0.315,1.452,0.31,0.82,2.27,2,0.52,0.44,1.435,2.0,0.54,CT on D,1000,
feature_6 <= -0.887,1.468,0.19,0.87,2.33,1,0.52,0.39,0.77,1.0,0.3,CT on D,1000,
feature_6 > -0.887,0.939,0.45,0.88,1.82,1,0.34,0.38,0.786,1.0,0.41,CT on D,1000,
feature_0 > -0.98,1.612,0.81,0.73,2.34,1,0.71,0.75,1.1,1.0,0.67,CT on P,1000,
feature_0 > -0.98 AND feature_0 > 0.433,2.275,0.3,0.77,3.04,2,1.0,0.72,1.905,1.0,0.72,CT on P,1000,
feature_0 > -0.98 AND feature_0 <= 0.433 AND feature_2 > 0.05,2.07,0.23,0.4,2.47,3,0.91,0.64,0.566,2.0,0.27,CT on P,1000,
feature_0 > -0.98 AND feature_0 <= 0.433,1.213,0.5,0.71,1.92,2,0.53,0.52,0.581,1.0,0.38,CT on P,1000,
feature_0 > -0.98 AND feature_0 <= 0.433 AND feature_2 <= 0.05,0.465,0.27,0.98,1.45,3,0.2,0.23,0.594,2.0,0.3,CT on P,1000,
feature_3 > -1.444 AND feature_8 <= -0.853 AND feature_8 <= -1.772,31.048,0.04,,,3,1.0,0.62,0.851,2.0,0.53,CF,1000,5.47
feature_2 > 1.305 AND feature_2 <= 1.758 AND feature_3 <= 0.167,27.116,0.01,,,3,0.87,0.53,1.003,2.0,0.6,CF,1000,5.47
feature_9 <= -0.001,1.273,0.98,,,1,0.04,0.42,0.764,1.0,0.85,CF,1000,5.47
feature_9 <= -0.067,0.623,0.93,,,1,0.02,0.38,0.773,1.0,0.83,CF,1000,5.47
feature_1 <= 1.628 AND feature_9 <= 0.141,0.695,0.87,,,2,0.02,0.36,0.673,2.0,0.75,CF,1000,5.47
feature_0 > -0.094 AND feature_1 > 1.273 AND feature_0 > 0.212 AND feature_3 <= 0.222,1.753,0.02,,,4,1.0,0.61,3.082,3.0,0.61,CF SingleTree,1000,0.5
feature_0 > -0.094 AND feature_1 > 1.273 AND feature_0 > 0.212,1.672,0.04,,,3,0.95,0.59,2.96,2.0,0.59,CF SingleTree,1000,0.5
feature_0 > -0.094 AND feature_1 > 1.273,1.625,0.05,,,2,0.93,0.58,2.731,2.0,0.55,CF SingleTree,1000,0.5
feature_0 > -0.094,1.234,0.34,,,1,0.7,0.56,1.569,1.0,0.44,CF SingleTree,1000,0.5
feature_0 > -0.094 AND feature_1 <= 1.273,1.196,0.32,,,2,0.68,0.54,1.456,2.0,0.41,CF SingleTree,1000,0.5
feature_4 <= 0.748 AND feature_0 > 0.846,2.301,0.16,0.49,2.79,2,1.0,0.66,2.212,2.0,0.66,CT on D,1000,
feature_4 <= 0.748 AND feature_0 <= 0.846 AND feature_1 > 1.019,1.831,0.08,1.05,2.88,3,0.8,0.51,1.425,3.0,0.42,CT on D,1000,
feature_4 <= 0.748 AND feature_0 <= 0.846 AND feature_1 <= 1.019 AND feature_0 > -0.448 AND feature_3 > -0.339,1.374,0.16,0.41,1.79,5,0.6,0.42,0.822,4.0,0.29,CT on D,1000,
feature_4 <= 0.748 AND feature_0 <= 0.846 AND feature_1 <= 1.019 AND feature_0 <= -0.448 AND feature_3 <= -0.103,1.409,0.1,1.3,-0.11,5,0.61,0.41,0.288,4.0,0.12,CT on D,1000,
feature_4 <= 0.748,0.827,0.44,0.83,1.66,1,0.36,0.39,0.848,1.0,0.41,CT on D,1000,
feature_0 > 0.914,2.348,0.22,0.8,3.14,1,1.0,0.69,2.218,1.0,0.69,CT on P,1000,
feature_0 <= 0.914 AND feature_9 > 0.449,1.557,0.26,-0.01,1.55,2,0.66,0.5,0.475,2.0,0.23,CT on P,1000,
feature_0 <= 0.914,0.357,0.78,1.1,1.46,1,0.15,0.4,0.51,1.0,0.45,CT on P,1000,
feature_0 <= 0.914 AND feature_9 <= 0.449 AND feature_7 > 0.399,0.822,0.2,1.84,1.02,3,0.35,0.29,0.535,3.0,0.22,CT on P,1000,
feature_0 <= 0.914 AND feature_9 <= 0.449,0.24,0.52,1.66,1.42,2,0.1,0.27,0.526,2.0,0.35,CT on P,1000,
feature_0 <= -0.664 AND feature_0 > -0.98 AND feature_4 <= 0.493 AND feature_6 > -0.317,22.294,0.06,,,4,1.0,0.62,0.135,3.0,0.06,CF,1000,5.4
feature_6 > -0.236,1.374,0.88,,,1,0.06,0.39,0.881,1.0,0.56,CF,1000,5.4
feature_6 > -0.236 AND feature_3 <= 1.726,1.329,0.84,,,2,0.06,0.37,0.87,2.0,0.54,CF,1000,5.4
feature_6 > -0.236 AND feature_3 <= 1.726 AND feature_6 > 0.171,1.037,0.77,,,3,0.05,0.34,0.926,2.0,0.52,CF,1000,5.4
feature_0 > -0.578 AND feature_0 > 1.408 AND feature_5 > -0.358,11.537,0.06,,,3,0.52,0.33,2.597,2.0,0.62,CF,1000,5.4
feature_0 > -0.223 AND feature_0 > 1.375 AND feature_0 > 1.658 AND feature_4 <= -0.146,1.804,0.03,,,4,1.0,0.61,2.886,2.0,0.61,CF SingleTree,1000,0.54
feature_0 > -0.223 AND feature_0 > 1.375 AND feature_0 > 1.658,1.65,0.07,,,3,0.91,0.58,2.807,1.0,0.61,CF SingleTree,1000,0.54
feature_0 > -0.223 AND feature_0 > 1.375,1.508,0.11,,,2,0.84,0.55,2.557,1.0,0.58,CF SingleTree,1000,0.54
feature_0 > -0.223,1.104,0.39,,,1,0.61,0.52,1.511,1.0,0.47,CF SingleTree,1000,0.54
feature_0 > -0.223 AND feature_0 > 1.375 AND feature_0 > 1.658 AND feature_4 > -0.146,1.508,0.04,,,4,0.84,0.52,2.734,2.0,0.58,CF SingleTree,1000,0.54
feature_1 > -1.263 AND feature_0 > -0.955 AND feature_9 > -0.668 AND feature_0 > 0.23 AND feature_7 > -0.096,2.744,0.13,0.54,3.29,5,1.0,0.65,1.868,4.0,0.65,CT on D,1000,
feature_1 > -1.263 AND feature_0 > -0.955 AND feature_9 > -0.668,1.788,0.51,0.59,2.38,3,0.65,0.59,1.171,3.0,0.58,CT on D,1000,
feature_1 > -1.263 AND feature_0 > -0.955 AND feature_9 > -0.668 AND feature_0 > 0.23,2.222,0.25,0.74,2.96,4,0.81,0.59,1.862,3.0,0.7,CT on D,1000,
feature_1 > -1.263 AND feature_0 > -0.955,1.489,0.64,0.81,2.3,2,0.54,0.58,1.191,2.0,0.64,CT on D,1000,
feature_1 > -1.263,1.183,0.74,0.9,2.08,1,0.43,0.55,0.931,1.0,0.6,CT on D,1000,
feature_0 > -0.996 AND feature_0 > 0.672,2.698,0.24,0.88,3.58,2,1.0,0.7,2.196,1.0,0.7,CT on P,1000,
feature_0 > -0.996,1.51,0.85,0.79,2.3,1,0.56,0.68,1.09,1.0,0.64,CT on P,1000,
feature_0 > -0.996 AND feature_0 <= 0.672 AND feature_9 > -0.628 AND feature_4 > -0.204 AND feature_3 <= -0.052,2.224,0.13,0.27,2.49,5,0.82,0.55,0.711,4.0,0.25,CT on P,1000,
feature_0 > -0.996 AND feature_0 <= 0.672 AND feature_9 > -0.628 AND feature_4 > -0.204,1.792,0.26,0.97,2.76,4,0.66,0.5,0.743,3.0,0.31,CT on P,1000,
feature_0 > -0.996 AND feature_0 <= 0.672 AND feature_9 > -0.628,1.339,0.46,0.59,1.92,3,0.5,0.48,0.696,2.0,0.37,CT on P,1000,
feature_0 > 0.516 AND feature_6 <= -0.729 AND feature_3 <= -0.215,22.353,0.03,,,3,1.0,0.61,2.155,3.0,0.61,CF,1000,4.09
feature_8 > -1.189,1.232,0.92,,,1,0.06,0.4,0.832,1.0,0.6,CF,1000,4.09
feature_8 > -1.277,1.28,0.9,,,1,0.06,0.39,0.83,1.0,0.59,CF,1000,4.09
feature_8 > -1.277 AND feature_5 > -1.457,1.293,0.83,,,2,0.06,0.37,0.844,2.0,0.57,CF,1000,4.09
feature_8 > -0.372,1.452,0.8,,,1,0.06,0.36,0.824,1.0,0.55,CF,1000,4.09
feature_0 > -0.969,1.056,0.7,,,1,0.8,0.76,1.107,1.0,0.53,CF SingleTree,1000,0.51
feature_0 > -0.969 AND feature_1 > 0.061 AND feature_3 <= 1.346,1.19,0.34,,,3,0.9,0.68,1.574,3.0,0.48,CF SingleTree,1000,0.51
feature_0 > -0.969 AND feature_1 > 0.061,1.163,0.37,,,2,0.88,0.68,1.578,2.0,0.5,CF SingleTree,1000,0.51
feature_0 > -0.969 AND feature_1 > 0.061 AND feature_3 <= 1.346 AND feature_0 > 0.845,1.324,0.1,,,4,1.0,0.64,2.707,3.0,0.64,CF SingleTree,1000,0.51
feature_0 > -0.969 AND feature_1 > 0.061 AND feature_3 <= 1.346 AND feature_0 <= 0.845,1.146,0.26,,,4,0.87,0.62,1.201,3.0,0.37,CF SingleTree,1000,0.51
feature_3 <= 1.065 AND feature_0 > -0.594 AND feature_8 > -0.743 AND feature_6 > -0.66 AND feature_0 > 0.782,2.911,0.16,1.05,3.96,5,1.0,0.66,2.082,4.0,0.66,CT on D,1000,
feature_3 <= 1.065 AND feature_0 > -0.594 AND feature_8 > -0.743 AND feature_6 > -0.66,2.205,0.41,0.51,2.71,4,0.76,0.62,1.275,4.0,0.53,CT on D,1000,
feature_3 <= 1.065 AND feature_0 > -0.594 AND feature_8 > -0.743 AND feature_6 > -0.66 AND feature_0 <= 0.782 AND feature_3 > -0.188,2.304,0.13,0.34,2.65,6,0.79,0.53,0.857,4.0,0.3,CT on D,1000,
feature_3 <= 1.065 AND feature_0 > -0.594 AND feature_8 > -0.743,1.85,0.35,0.65,2.5,3,0.64,0.52,1.291,3.0,0.51,CT on D,1000,
feature_3 <= 1.065 AND feature_0 > -0.594,1.459,0.46,0.8,2.26,2,0.5,0.48,1.28,2.0,0.55,CT on D,1000,
feature_8 > -1.077 AND feature_1 > -0.901 AND feature_2 <= 0.515 AND feature_0 > -0.104,2.559,0.26,0.74,3.3,4,1.0,0.7,1.72,4.0,0.7,CT on P,1000,
feature_8 > -1.077 AND feature_1 > -0.901 AND feature_2 > 0.515,2.447,0.19,0.3,2.74,3,0.96,0.65,0.866,3.0,0.38,CT on P,1000,
feature_8 > -1.077 AND feature_1 > -0.901,1.538,0.68,0.68,2.21,2,0.6,0.63,0.922,2.0,0.59,CT on P,1000,
feature_8 > -1.077,1.203,0.84,0.82,2.02,1,0.47,0.62,0.795,1.0,0.61,CT on P,1000,
feature_8 > -1.077 AND feature_1 > -0.901 AND feature_2 <= 0.515,1.17,0.48,0.83,2.0,3,0.46,0.47,0.947,3.0,0.52,CT on P,1000,
feature_0 > 0.21 AND feature_8 > -0.995 AND feature_2 <= -0.585 AND feature_0 > 1.234,12.197,0.03,,,4,1.0,0.61,2.453,3.0,0.51,CF,1000,4.51
feature_3 <= -1.035 AND feature_0 > 0.259 AND feature_3 > -1.241,10.834,0.02,,,3,0.89,0.54,1.978,2.0,0.41,CF,1000,4.51
feature_0 > -0.313 AND feature_0 > 1.648 AND feature_2 <= -0.084,9.36,0.02,,,3,0.77,0.47,2.947,2.0,0.61,CF,1000,4.51
feature_6 > -0.341,1.327,0.96,,,1,0.11,0.45,0.778,1.0,0.54,CF,1000,4.51
feature_4 <= 1.016 AND feature_3 <= -1.002 AND feature_8 > -0.681 AND feature_3 <= -1.352,8.648,0.05,,,4,0.71,0.45,0.633,3.0,0.15,CF,1000,4.51
feature_0 > -0.13,1.174,0.43,,,1,0.77,0.63,1.546,1.0,0.53,CF SingleTree,1000,0.56
feature_0 > -0.13 AND feature_0 > 0.26,1.264,0.34,,,2,0.83,0.63,1.777,1.0,0.54,CF SingleTree,1000,0.56
feature_0 > -0.13 AND feature_0 > 0.26 AND feature_0 > 1.353 AND feature_5 > 0.127,1.526,0.05,,,4,1.0,0.62,2.615,2.0,0.62,CF SingleTree,1000,0.56
feature_0 > -0.13 AND feature_0 > 0.26 AND feature_0 > 1.353,1.456,0.09,,,3,0.95,0.61,2.599,1.0,0.63,CF SingleTree,1000,0.56
feature_0 > -0.13 AND feature_0 > 0.26 AND feature_0 <= 1.353,1.215,0.27,,,3,0.8,0.59,1.568,1.0,0.47,CF SingleTree,1000,0.56
feature_0 > -1.006 AND feature_7 > -0.445 AND feature_1 > 0.23 AND feature_2 > 0.344,3.274,0.09,-0.36,2.92,4,1.0,0.64,1.473,4.0,0.62,CT on D,1000,
feature_0 > -1.006 AND feature_7 > -0.445 AND feature_1 > 0.23,2.512,0.25,0.13,2.64,3,0.77,0.56,1.503,3.0,0.69,CT on D,1000,
feature_0 > -1.006 AND feature_7 > -0.445,1.712,0.48,0.45,2.16,2,0.52,0.51,1.076,2.0,0.62,CT on D,1000,
feature_0 > -1.006,1.234,0.64,0.7,1.93,1,0.38,0.48,1.057,1.0,0.67,CT on D,1000,
feature_0 > -1.006 AND feature_7 > -0.445 AND feature_1 > 0.23 AND feature_2 <= 0.344,2.049,0.18,0.43,2.48,4,0.63,0.45,1.521,4.0,0.67,CT on D,1000,
feature_5 <= 1.109 AND feature_0 > -0.877 AND feature_5 <= -0.594,2.017,0.23,0.1,2.12,3,1.0,0.69,1.128,2.0,0.55,CT on P,1000,
feature_5 <= 1.109 AND feature_0 > -0.877,1.051,0.71,0.48,1.53,2,0.52,0.6,1.097,2.0,0.73,CT on P,1000,
feature_5 <= 1.109,0.652,0.86,0.63,1.28,1,0.32,0.54,0.791,1.0,0.66,CT on P,1000,
feature_5 <= 1.109 AND feature_0 > -0.877 AND feature_5 > -0.594 AND feature_1 > 0.166,1.461,0.23,0.15,1.61,4,0.72,0.53,1.488,3.0,0.69,CT on P,1000,
feature_5 <= 1.109 AND feature_0 <= -0.877,1.215,0.15,1.41,0.19,2,0.6,0.42,0.702,2.0,0.34,CT on P,1000,
feature_4 > 1.086 AND feature_5 <= -0.295,47.709,0.0,,,2,1.0,0.6,0.967,2.0,0.6,CF,1000,4.88
feature_4 <= 0.577,0.666,0.99,,,1,0.01,0.4,0.799,1.0,0.89,CF,1000,4.88
feature_4 <= 0.577 AND feature_0 <= 1.387,0.619,0.91,,,2,0.01,0.37,0.617,2.0,0.75,CF,1000,4.88
feature_4 <= 0.389,0.474,0.91,,,1,0.01,0.37,0.813,1.0,0.87,CF,1000,4.88
feature_0 <= 1.196 AND feature_4 <= 0.585,0.452,0.88,,,2,0.01,0.36,0.562,2.0,0.7,CF,1000,4.88
feature_0 > -0.486 AND feature_0 > 1.51 AND feature_1 > -0.25 AND feature_1 > 1.108,2.284,0.01,,,4,1.0,0.6,3.68,2.0,0.6,CF SingleTree,1000,0.53
feature_0 > -0.486 AND feature_0 > 1.51 AND feature_1 > -0.25,2.017,0.05,,,3,0.88,0.55,3.132,2.0,0.53,CF SingleTree,1000,0.53
feature_0 > -0.486 AND feature_0 > 1.51,1.848,0.07,,,2,0.81,0.51,2.838,1.0,0.49,CF SingleTree,1000,0.53
feature_0 > -0.486 AND feature_0 > 1.51 AND feature_1 > -0.25 AND feature_1 <= 1.108,1.883,0.04,,,4,0.82,0.51,2.857,2.0,0.48,CF SingleTree,1000,0.53
feature_0 > -0.486,1.069,0.53,,,1,0.47,0.49,1.326,1.0,0.43,CF SingleTree,1000,0.53
feature_0 > -1.027 AND feature_1 > 0.915,2.721,0.0,1.26,3.98,2,1.0,0.6,1.978,2.0,0.6,CT on D,1000,
feature_0 > -1.027,1.013,0.68,0.89,1.9,1,0.37,0.5,1.083,1.0,0.6,CT on D,1000,
feature_0 > -1.027 AND feature_1 <= 0.915 AND feature_9 > -0.987,0.907,0.67,0.67,1.57,3,0.33,0.47,0.875,3.0,0.53,CT on D,1000,
feature_0 > -1.027 AND feature_1 <= 0.915,0.643,0.81,0.81,1.45,2,0.24,0.47,0.889,2.0,0.59,CT on D,1000,
feature_0 > -1.027 AND feature_1 <= 0.915 AND feature_9 > -0.987 AND feature_6 <= -0.676,1.575,0.19,0.31,1.89,4,0.58,0.42,0.807,4.0,0.32,CT on D,1000,
feature_7 > -0.855 AND feature_0 > 0.494 AND feature_5 > 0.03,1.868,0.13,0.36,2.23,3,1.0,0.65,1.938,3.0,0.65,CT on P,1000,
feature_7 <= -0.855,1.551,0.18,0.46,2.01,1,0.83,0.57,0.904,1.0,0.35,CT on P,1000,
feature_7 > -0.855 AND feature_0 <= 0.494 AND feature_5 > 0.512,1.337,0.18,1.94,0.6,3,0.72,0.5,0.286,3.0,0.16,CT on P,1000,
feature_7 > -0.855 AND feature_0 > 0.494,1.16,0.26,0.75,1.91,2,0.62,0.48,1.921,2.0,0.7,CT on P,1000,
feature_7 > -0.855,0.142,0.82,1.02,1.17,1,0.08,0.37,0.79,1.0,0.57,CT on P,1000,
feature_4 <= -0.906 AND feature_3 > -1.0 AND feature_1 <= -0.595 AND feature_4 > -1.227,52.117,0.03,,,4,1.0,0.61,0.313,3.0,0.34,CF,1000,6.69
feature_1 <= 0.672,0.437,0.97,,,1,0.01,0.39,0.575,1.0,0.99,CF,1000,6.69
feature_1 <= 0.658,0.281,0.96,,,1,0.01,0.39,0.567,1.0,0.98,CF,1000,6.69
feature_1 <= 0.653,0.14,0.96,,,1,0.0,0.39,0.564,1.0,0.97,CF,1000,6.69
feature_1 <= 0.925 AND feature_1 <= 0.632,0.31,0.95,,,2,0.01,0.38,0.563,1.0,0.97,CF,1000,6.69
feature_1 > 1.077 AND feature_0 > 0.138 AND feature_1 > 1.298 AND feature_7 <= -0.892,2.11,0.0,,,4,1.0,0.6,2.692,3.0,0.57,CF SingleTree,1000,0.52
feature_1 > 1.077 AND feature_0 > 0.138 AND feature_1 > 1.298,1.968,0.0,,,3,0.93,0.56,2.781,2.0,0.59,CF SingleTree,1000,0.52
feature_1 > 1.077 AND feature_0 > 0.138 AND feature_1 > 1.298 AND feature_7 > -0.892,1.884,0.0,,,4,0.89,0.54,2.833,3.0,0.6,CF SingleTree,1000,0.52
feature_1 <= 1.077,0.59,0.9,,,1,0.28,0.53,0.642,1.0,0.5,CF SingleTree,1000,0.52
feature_1 > 1.077 AND feature_0 > 0.138,1.844,0.0,,,2,0.87,0.52,2.665,2.0,0.56,CF SingleTree,1000,0.52
feature_2 > -0.916 AND feature_0 > -0.416 AND feature_1 > 0.155 AND feature_5 <= -0.157,3.63,0.1,0.28,3.91,4,1.0,0.64,1.997,4.0,0.64,CT on D,1000,
feature_2 > -0.916 AND feature_0 > -0.416 AND feature_1 > 0.155,2.41,0.21,0.68,3.09,3,0.66,0.48,1.891,3.0,0.65,CT on D,1000,
feature_2 > -0.916 AND feature_0 > -0.416,1.547,0.43,0.95,2.5,2,0.43,0.43,1.38,2.0,0.59,CT on D,1000,
feature_2 > -0.916,1.015,0.56,1.04,2.06,1,0.28,0.39,0.855,1.0,0.48,CT on D,1000,
feature_2 > -0.916 AND feature_0 > -0.416 AND feature_1 > 0.155 AND feature_5 > -0.157,1.538,0.12,0.97,2.51,4,0.42,0.3,1.815,4.0,0.59,CT on D,1000,
feature_2 > -1.015 AND feature_5 <= -0.872,1.806,0.16,0.37,2.17,2,1.0,0.66,0.932,2.0,0.4,CT on P,1000,
feature_2 > -1.015,0.753,0.84,1.18,1.93,1,0.42,0.59,0.861,1.0,0.64,CT on P,1000,
feature_2 > -1.015 AND feature_5 > -0.872 AND feature_0 > 0.122,1.328,0.31,1.54,2.87,3,0.74,0.57,1.685,3.0,0.72,CT on P,1000,
feature_2 > -1.015 AND feature_5 > -0.872,0.512,0.68,1.36,1.87,2,0.28,0.44,0.845,2.0,0.57,CT on P,1000,
feature_2 <= -1.015,1.134,0.16,-0.07,1.07,1,0.63,0.44,0.805,1.0,0.35,CT on P,1000,
feature_0 <= -1.04 AND feature_8 <= 0.23 AND feature_6 > 0.437,59.284,0.04,,,3,1.0,0.62,0.845,3.0,0.6,CF,1000,4.75
feature_8 <= 0.505,0.826,0.92,,,1,0.01,0.38,0.85,1.0,0.96,CF,1000,4.75
feature_8 <= 0.102,1.187,0.87,,,1,0.02,0.36,0.854,1.0,0.94,CF,1000,4.75
feature_8 <= 0.505 AND feature_7 > -1.379,0.72,0.83,,,2,0.01,0.34,0.815,2.0,0.9,CF,1000,4.75
feature_8 <= 0.102 AND feature_5 <= 1.041,1.48,0.77,,,2,0.02,0.32,0.864,2.0,0.91,CF,1000,4.75
feature_0 > -0.287 AND feature_5 <= 0.992,1.025,0.43,,,2,0.79,0.65,1.44,2.0,0.5,CF SingleTree,1000,0.51
feature_0 > -0.287,0.98,0.47,,,1,0.76,0.64,1.442,1.0,0.52,CF SingleTree,1000,0.51
feature_0 > -0.287 AND feature_5 <= 0.992 AND feature_0 > 0.789 AND feature_0 > 1.431,1.293,0.06,,,4,1.0,0.62,2.636,2.0,0.62,CF SingleTree,1000,0.51
feature_0 > -0.287 AND feature_5 <= 0.992 AND feature_0 > 0.789,1.174,0.17,,,3,0.91,0.61,2.149,2.0,0.56,CF SingleTree,1000,0.51
feature_0 > -0.287 AND feature_5 <= 0.992 AND feature_0 <= 0.789,0.951,0.31,,,3,0.74,0.57,1.088,2.0,0.37,CF SingleTree,1000,0.51
feature_2 > -1.159 AND feature_0 > -0.089 AND feature_0 > 0.846 AND feature_1 > 0.214 AND feature_7 <= -0.245 AND feature_7 > -0.637,4.956,0.01,-0.04,4.92,6,1.0,0.6,2.654,4.0,0.6,CT on D,10000,
feature_2 > -1.159,0.873,0.94,0.98,1.85,1,0.18,0.48,0.796,1.0,0.56,CT on D,10000,
feature_2 > -1.159 AND feature_0 > -0.089 AND feature_0 > 0.846 AND feature_1 > 0.214 AND feature_7 <= -0.245,3.845,0.04,0.88,4.72,5,0.78,0.48,2.654,4.0,0.62,CT on D,10000,
feature_2 <= -1.159 AND feature_0 > 0.499 AND feature_1 > 0.492,3.664,0.0,0.99,4.65,3,0.74,0.44,2.623,3.0,0.59,CT on D,10000,
feature_2 > -1.159 AND feature_0 > -0.089 AND feature_0 <= 0.846 AND feature_1 > 1.369 AND feature_3 <= -0.439,3.521,0.01,1.04,4.56,5,0.71,0.43,2.304,4.0,0.52,CT on D,10000,
feature_0 <= 2.171 AND feature_0 > 0.002 AND feature_0 > 1.275 AND feature_1 > -0.678 AND feature_7 <= 0.261 AND feature_1 > 0.201,3.913,0.02,1.07,4.99,6,1.0,0.61,2.885,3.0,0.54,CT on P,10000,
feature_0 <= 2.171 AND feature_0 > 0.002 AND feature_0 > 1.275 AND feature_1 > -0.678 AND feature_7 <= 0.261,3.481,0.04,0.77,4.25,5,0.89,0.55,2.583,3.0,0.49,CT on P,10000,
feature_0 <= 2.171,0.857,0.99,0.99,1.85,1,0.22,0.53,0.762,1.0,0.54,CT on P,10000,
feature_0 <= 2.171 AND feature_0 > 0.002 AND feature_0 > 1.275 AND feature_1 > -0.678,2.992,0.06,1.02,4.01,4,0.76,0.48,2.574,2.0,0.5,CT on P,10000,
feature_0 > 2.171,3.049,0.01,1.63,4.68,1,0.78,0.47,3.275,1.0,0.6,CT on P,10000,
feature_0 <= -0.02 AND feature_1 > 1.647 AND feature_4 <= -0.55 AND feature_9 > -0.299,20.29,0.0,,,4,1.0,0.6,1.479,4.0,0.6,CF,10000,10.15
feature_0 <= 1.287,0.881,0.76,,,1,0.04,0.33,0.609,1.0,0.55,CF,10000,10.15
feature_1 <= 1.094,0.76,0.73,,,1,0.04,0.31,0.643,1.0,0.55,CF,10000,10.15
feature_0 > -0.95,1.053,0.7,,,1,0.05,0.31,1.107,1.0,0.73,CF,10000,10.15
feature_0 > -0.909,1.041,0.69,,,1,0.05,0.31,1.125,1.0,0.73,CF,10000,10.15
feature_0 > 0.188 AND feature_0 > 0.771 AND feature_1 > 0.955 AND feature_1 > 1.405,2.725,0.01,,,4,1.0,0.6,3.254,2.0,0.6,CF SingleTree,10000,0.74
feature_0 > 0.188 AND feature_0 > 0.771 AND feature_1 > 0.955,2.55,0.04,,,3,0.94,0.58,2.945,2.0,0.56,CF SingleTree,10000,0.74
feature_0 > 0.188 AND feature_0 > 0.771 AND feature_1 > 0.955 AND feature_1 <= 1.405,2.415,0.02,,,4,0.89,0.54,2.705,2.0,0.51,CF SingleTree,10000,0.74
feature_0 > 0.188,1.647,0.38,,,1,0.6,0.51,1.723,1.0,0.47,CF SingleTree,10000,0.74
feature_0 > 0.188 AND feature_0 > 0.771,1.95,0.21,,,2,0.72,0.51,2.147,1.0,0.48,CF SingleTree,10000,0.74
feature_8 <= 0.311 AND feature_0 <= 2.014 AND feature_0 > -0.368 AND feature_1 > 0.5 AND feature_5 > 0.379 AND feature_0 > 0.691,3.998,0.02,1.25,5.25,6,1.0,0.61,2.597,4.0,0.49,CT on D,10000,
feature_8 > 0.311 AND feature_2 <= 0.484 AND feature_3 <= 0.576 AND feature_4 > -1.572 AND feature_0 > -0.122 AND feature_1 > 1.181,3.51,0.01,0.73,4.24,6,0.88,0.53,2.531,6.0,0.48,CT on D,10000,
feature_8 <= 0.311 AND feature_0 <= 2.014 AND feature_0 > -0.368 AND feature_1 > 0.5 AND feature_5 > 0.379,3.089,0.04,0.82,3.91,5,0.77,0.48,1.982,4.0,0.39,CT on D,10000,
feature_8 <= 0.311 AND feature_0 <= 2.014 AND feature_0 > -0.368 AND feature_1 > 0.5 AND feature_5 <= 0.379 AND feature_5 <= -0.867,3.077,0.02,0.69,3.76,6,0.77,0.47,1.956,4.0,0.37,CT on D,10000,
feature_8 <= 0.311 AND feature_0 > 2.014,2.922,0.01,1.5,4.42,2,0.73,0.44,3.203,2.0,0.6,CT on D,10000,
feature_8 <= 0.372 AND feature_0 <= 1.965 AND feature_0 > -0.417 AND feature_1 > 0.527 AND feature_9 > -0.382 AND feature_0 > 0.671,3.652,0.03,0.95,4.6,6,1.0,0.61,2.567,4.0,0.5,CT on P,10000,
feature_8 <= 0.372 AND feature_0 <= 1.965 AND feature_0 > -0.417 AND feature_1 > 0.527 AND feature_9 > -0.382,2.956,0.08,0.77,3.72,5,0.81,0.52,1.949,4.0,0.4,CT on P,10000,
feature_8 <= 0.372 AND feature_0 > 1.965,3.092,0.02,1.51,4.6,2,0.85,0.52,3.138,2.0,0.61,CT on P,10000,
feature_8 <= 0.372 AND feature_0 <= 1.965 AND feature_0 > -0.417 AND feature_1 > 0.527,2.646,0.13,0.99,3.63,4,0.72,0.49,1.955,3.0,0.43,CT on P,10000,
feature_8 <= 0.372 AND feature_0 <= 1.965 AND feature_0 > -0.417 AND feature_1 > 0.527 AND feature_9 > -0.382 AND feature_0 <= 0.671,2.564,0.05,0.67,3.23,6,0.7,0.44,1.593,4.0,0.32,CT on P,10000,
feature_0 <= 0.665 AND feature_4 > 0.958 AND feature_3 <= -0.507 AND feature_1 > 1.494,59.459,0.0,,,4,1.0,0.6,1.612,4.0,0.6,CF,10000,8.53
feature_1 > -1.373,0.889,0.81,,,1,0.01,0.33,0.885,1.0,0.65,CF,10000,8.53
feature_0 > -1.131,1.141,0.78,,,1,0.02,0.32,1.066,1.0,0.71,CF,10000,8.53
feature_0 > -1.016,1.075,0.76,,,1,0.02,0.31,1.109,1.0,0.72,CF,10000,8.53
feature_0 > -0.971,1.281,0.75,,,1,0.02,0.31,1.126,1.0,0.72,CF,10000,8.53
feature_0 > -0.291 AND feature_0 > 0.394 AND feature_1 > 0.468 AND feature_1 > 1.095,2.167,0.05,,,4,1.0,0.62,2.866,2.0,0.62,CF SingleTree,10000,0.72
feature_0 > -0.291,1.373,0.57,,,1,0.63,0.61,1.454,1.0,0.53,CF SingleTree,10000,0.72
feature_0 > -0.291 AND feature_0 > 0.394 AND feature_1 > 0.468,2.012,0.12,,,3,0.93,0.61,2.467,2.0,0.56,CF SingleTree,10000,0.72
feature_0 > -0.291 AND feature_0 > 0.394,1.632,0.34,,,2,0.75,0.59,1.865,1.0,0.53,CF SingleTree,10000,0.72
feature_0 > -0.291 AND feature_0 > 0.394 AND feature_1 > 0.468 AND feature_1 <= 1.095,1.9,0.07,,,4,0.88,0.55,2.179,2.0,0.48,CF SingleTree,10000,0.72
feature_3 > -0.969 AND feature_0 > 0.15 AND feature_0 <= 1.816 AND feature_1 <= -0.273 AND feature_6 <= -0.888 AND feature_4 > 0.233,3.311,0.02,0.1,3.41,6,1.0,0.61,1.165,5.0,0.27,CT on D,10000,
feature_3 > -0.969 AND feature_0 > 0.15 AND feature_0 > 1.816 AND feature_0 <= 2.025,3.186,0.01,0.95,4.13,4,0.96,0.58,2.702,2.0,0.6,CT on D,10000,
feature_3 > -0.969 AND feature_0 <= 0.15 AND feature_0 <= -0.657 AND feature_0 <= -1.838 AND feature_1 <= 0.257,3.027,0.02,2.65,-0.37,5,0.91,0.56,1.814,3.0,0.41,CT on D,10000,
feature_3 > -0.969 AND feature_0 > 0.15 AND feature_0 <= 1.816 AND feature_1 > -0.273 AND feature_9 <= -1.35,3.01,0.02,0.16,3.17,5,0.91,0.55,1.839,4.0,0.42,CT on D,10000,
feature_3 <= -0.969 AND feature_8 > -0.584 AND feature_3 > -1.83 AND feature_0 > 1.134,2.939,0.01,0.4,3.34,4,0.89,0.54,2.458,3.0,0.55,CT on D,10000,
feature_7 <= 1.107 AND feature_0 > 0.12 AND feature_0 > 0.985 AND feature_3 <= 1.007 AND feature_5 <= -0.892,3.646,0.02,0.74,4.39,5,1.0,0.61,2.385,4.0,0.61,CT on P,10000,
feature_7 <= 1.107 AND feature_0 > 0.12 AND feature_0 <= 0.985 AND feature_1 > -0.687 AND feature_9 <= -1.239,3.101,0.02,0.42,3.53,5,0.85,0.52,1.533,4.0,0.39,CT on P,10000,
feature_7 <= 1.107 AND feature_0 > 0.12 AND feature_0 > 0.985 AND feature_3 <= 1.007,2.564,0.12,1.15,3.71,4,0.7,0.47,2.339,3.0,0.64,CT on P,10000,
feature_7 <= 1.107 AND feature_0 > 0.12 AND feature_0 > 0.985 AND feature_3 <= 1.007 AND feature_5 > -0.892 AND feature_1 <= 0.064,2.726,0.05,0.55,3.27,6,0.75,0.47,1.961,5.0,0.51,CT on P,10000,
feature_7 <= 1.107,0.714,0.86,1.42,2.13,1,0.2,0.46,0.803,1.0,0.55,CT on P,10000,
feature_0 > 0.823 AND feature_1 > 1.489 AND feature_9 <= -0.382,70.07,0.0,,,3,1.0,0.6,3.493,3.0,0.6,CF,10000,10.35
feature_1 <= 1.385,0.667,0.5,,,1,0.01,0.21,0.689,1.0,0.32,CF,10000,10.35
feature_0 > -1.121,1.11,0.48,,,1,0.02,0.2,1.053,1.0,0.37,CF,10000,10.35
feature_0 > -1.024,1.106,0.48,,,1,0.02,0.2,1.087,1.0,0.38,CF,10000,10.35
feature_0 > -1.036,1.08,0.48,,,1,0.02,0.2,1.083,1.0,0.38,CF,10000,10.35
feature_0 > -0.05 AND feature_0 > 0.821 AND feature_1 > 1.302 AND feature_1 > 1.513,2.323,0.01,,,4,1.0,0.6,3.489,2.0,0.6,CF SingleTree,10000,0.86
feature_0 > -0.05 AND feature_0 > 0.821 AND feature_1 > 1.302,2.196,0.02,,,3,0.95,0.58,3.356,2.0,0.59,CF SingleTree,10000,0.86
feature_0 > -0.05 AND feature_0 > 0.821 AND feature_1 > 1.302 AND feature_1 <= 1.513,1.97,0.01,,,4,0.85,0.51,3.125,2.0,0.54,CF SingleTree,10000,0.86
feature_0 > -0.05 AND feature_0 > 0.821,1.663,0.17,,,2,0.72,0.5,2.209,1.0,0.45,CF SingleTree,10000,0.86
feature_0 > -0.05 AND feature_0 > 0.821 AND feature_1 <= 1.302 AND feature_0 > 1.35,1.735,0.08,,,4,0.75,0.48,2.497,2.0,0.46,CF SingleTree,10000,0.86
feature_4 > -1.673 AND feature_0 > 1.49 AND feature_1 > -1.049 AND feature_1 > 0.543 AND feature_8 <= 0.208,4.493,0.01,1.61,6.1,5,1.0,0.6,3.475,4.0,0.6,CT on D,10000,
feature_4 > -1.673 AND feature_0 > 1.49 AND feature_1 > -1.049 AND feature_1 > 0.543,4.079,0.02,1.65,5.73,4,0.91,0.55,3.389,3.0,0.59,CT on D,10000,
feature_4 > -1.673 AND feature_0 > 1.49 AND feature_1 > -1.049 AND feature_1 > 0.543 AND feature_8 > 0.208,3.666,0.01,1.69,5.35,5,0.82,0.49,3.302,4.0,0.57,CT on D,10000,
feature_4 > -1.673 AND feature_0 > 1.49 AND feature_1 > -1.049 AND feature_1 <= 0.543 AND feature_2 > -0.674 AND feature_8 > -0.435,3.565,0.01,0.53,4.1,6,0.79,0.48,2.486,5.0,0.43,CT on D,10000,
feature_4 > -1.673 AND feature_0 > 1.49 AND feature_1 > -1.049,3.198,0.05,1.17,4.37,3,0.71,0.45,2.813,3.0,0.51,CT on D,10000,
feature_9 > -1.975 AND feature_0 > 0.29 AND feature_0 > 1.494 AND feature_8 > -0.43 AND feature_2 > -0.161,4.436,0.02,0.41,4.85,5,1.0,0.61,2.701,4.0,0.61,CT on P,10000,
feature_9 > -1.975,0.863,0.98,0.77,1.63,1,0.19,0.51,0.816,1.0,0.57,CT on P,10000,
feature_9 > -1.975 AND feature_0 > 0.29 AND feature_0 > 1.494 AND feature_8 > -0.43,3.37,0.04,0.69,4.06,4,0.76,0.47,2.701,3.0,0.61,CT on P,10000,
feature_9 > -1.975 AND feature_0 > 0.29 AND feature_0 <= 1.494 AND feature_2 <= -0.446 AND feature_1 > -0.669 AND feature_7 <= -0.582,3.365,0.03,0.08,3.44,6,0.76,0.47,1.852,5.0,0.42,CT on P,10000,
feature_9 > -1.975 AND feature_0 > 0.29 AND feature_0 > 1.494,2.961,0.07,0.95,3.91,3,0.67,0.43,2.709,2.0,0.63,CT on P,10000,
feature_0 > -0.06 AND feature_1 > 1.025 AND feature_2 > 1.434 AND feature_9 > 0.174,45.946,0.0,,,4,1.0,0.6,2.448,4.0,0.6,CF,10000,9.8
feature_0 > -1.258,1.148,0.69,,,1,0.02,0.29,1.013,1.0,0.52,CF,10000,9.8
feature_0 > -1.288,1.065,0.69,,,1,0.02,0.29,1.004,1.0,0.52,CF,10000,9.8
feature_0 > -1.077,1.092,0.67,,,1,0.02,0.28,1.074,1.0,0.53,CF,10000,9.8
feature_0 > -0.927,1.207,0.65,,,1,0.03,0.28,1.129,1.0,0.54,CF,10000,9.8
feature_0 > -0.132 AND feature_0 > 0.76 AND feature_1 > 0.655 AND feature_0 > 1.335,2.526,0.02,,,4,1.0,0.61,3.328,2.0,0.61,CF SingleTree,10000,0.75
feature_0 > -0.132 AND feature_0 > 0.76 AND feature_1 > 0.655,2.356,0.05,,,3,0.93,0.58,2.882,2.0,0.54,CF SingleTree,10000,0.75
feature_0 > -0.132 AND feature_0 > 0.76 AND feature_1 > 0.655 AND feature_0 <= 1.335,2.231,0.03,,,4,0.88,0.54,2.552,2.0,0.47,CF SingleTree,10000,0.75
feature_0 > -0.132,1.413,0.47,,,1,0.56,0.52,1.54,1.0,0.47,CF SingleTree,10000,0.75
feature_0 > -0.132 AND feature_0 > 0.76,1.833,0.2,,,2,0.73,0.52,2.15,1.0,0.47,CF SingleTree,10000,0.75
feature_8 > -1.455 AND feature_0 > 0.631 AND feature_0 > 1.178 AND feature_1 > 0.747 AND feature_9 > 0.073,4.576,0.01,1.1,5.68,5,1.0,0.6,3.156,4.0,0.58,CT on D,10000,
feature_8 > -1.455 AND feature_0 > 0.631 AND feature_0 > 1.178 AND feature_1 <= 0.747 AND feature_0 > 2.212,4.268,0.01,0.5,4.77,5,0.93,0.56,3.084,3.0,0.57,CT on D,10000,
feature_8 > -1.455 AND feature_0 > 0.631 AND feature_0 > 1.178 AND feature_1 > 0.747,4.012,0.03,1.5,5.52,4,0.88,0.54,3.215,3.0,0.6,CT on D,10000,
feature_8 > -1.455 AND feature_0 > 0.631 AND feature_0 > 1.178 AND feature_1 > 0.747 AND feature_9 <= 0.073,3.562,0.01,1.82,5.39,5,0.78,0.47,3.263,4.0,0.6,CT on D,10000,
feature_8 > -1.455 AND feature_0 > 0.631 AND feature_0 > 1.178 AND feature_1 <= 0.747 AND feature_0 <= 2.212 AND feature_6 > 0.813,3.394,0.02,-0.25,3.15,6,0.74,0.45,2.163,4.0,0.41,CT on D,10000,
feature_8 > -0.726 AND feature_0 > -0.477 AND feature_0 > 1.03 AND feature_0 > 1.854 AND feature_7 <= 0.001,4.718,0.01,0.33,5.04,5,1.0,0.6,3.013,3.0,0.6,CT on P,10000,
feature_8 > -0.726 AND feature_0 > -0.477 AND feature_0 > 1.03 AND feature_0 > 1.854,4.121,0.03,0.52,4.64,4,0.87,0.54,3.008,2.0,0.61,CT on P,10000,
feature_8 > -0.726 AND feature_0 > -0.477 AND feature_0 > 1.03 AND feature_0 <= 1.854 AND feature_2 > -0.637 AND feature_5 <= -0.901,3.846,0.01,-0.23,3.62,6,0.82,0.49,2.162,4.0,0.43,CT on P,10000,
feature_8 > -0.726 AND feature_0 > -0.477 AND feature_0 > 1.03 AND feature_0 <= 1.854 AND feature_2 <= -0.637 AND feature_7 > -0.032,3.611,0.01,-0.46,3.15,6,0.77,0.46,2.103,4.0,0.42,CT on P,10000,
feature_8 > -0.726 AND feature_0 > -0.477 AND feature_0 > 1.03 AND feature_0 > 1.854 AND feature_7 > 0.001,3.396,0.01,0.75,4.15,5,0.72,0.44,3.002,3.0,0.6,CT on P,10000,
feature_0 > 0.91 AND feature_1 > 0.213 AND feature_1 <= 1.802 AND feature_6 <= -1.599,11.784,0.0,,,4,1.0,0.6,2.79,3.0,0.42,CF,10000,9.81
feature_0 > -1.007 AND feature_1 > 1.252 AND feature_0 > 1.432 AND feature_5 <= -0.266,9.375,0.0,,,4,0.8,0.48,3.946,3.0,0.6,CF,10000,9.81
feature_0 > 0.386 AND feature_1 > 0.483 AND feature_9 > 1.312 AND feature_1 <= 0.607,8.757,0.0,,,4,0.74,0.45,2.267,3.0,0.34,CF,10000,9.81
feature_3 <= 1.615,0.949,0.94,,,1,0.08,0.42,0.798,1.0,0.5,CF,10000,9.81
feature_0 > 0.964 AND feature_2 > -0.848 AND feature_0 > 1.918 AND feature_9 <= -1.252,8.184,0.0,,,4,0.69,0.42,3.231,3.0,0.49,CF,10000,9.81
feature_0 > -0.114 AND feature_0 > 1.002 AND feature_1 > 0.488 AND feature_0 > 1.164,2.5,0.04,,,4,1.0,0.62,3.057,2.0,0.62,CF SingleTree,10000,0.74
feature_0 > -0.114 AND feature_0 > 1.002 AND feature_1 > 0.488,2.434,0.05,,,3,0.97,0.6,2.946,2.0,0.6,CF SingleTree,10000,0.74
feature_0 > -0.114 AND feature_0 > 1.002,2.192,0.16,,,2,0.88,0.59,2.334,1.0,0.52,CF SingleTree,10000,0.74
feature_0 > -0.114 AND feature_0 > 1.002 AND feature_1 <= 0.488 AND feature_0 > 1.162,2.171,0.08,,,4,0.87,0.55,2.183,2.0,0.46,CF SingleTree,10000,0.74
feature_0 > -0.114,1.424,0.51,,,1,0.57,0.55,1.533,1.0,0.5,CF SingleTree,10000,0.74
feature_2 > -1.712 AND feature_0 > 1.669 AND feature_1 > 0.736,4.464,0.01,1.67,6.14,3,1.0,0.6,3.609,3.0,0.6,CT on D,10000,
feature_2 > -1.712 AND feature_0 <= 1.669 AND feature_0 > -0.11 AND feature_1 > 0.463 AND feature_1 > 1.923,4.344,0.01,1.72,6.07,5,0.97,0.59,3.134,3.0,0.53,CT on D,10000,
feature_2 > -1.712 AND feature_0 > 1.669 AND feature_1 <= 0.736 AND feature_5 > 0.506,3.615,0.01,0.93,4.54,4,0.81,0.49,2.675,4.0,0.45,CT on D,10000,
feature_2 > -1.712 AND feature_0 <= 1.669 AND feature_0 > -0.11 AND feature_1 > 0.463 AND feature_1 <= 1.923 AND feature_7 > 1.051,3.244,0.02,0.67,3.91,6,0.73,0.44,1.948,4.0,0.33,CT on D,10000,
feature_2 > -1.712 AND feature_0 > 1.669,2.827,0.05,1.47,4.3,2,0.63,0.4,2.861,2.0,0.5,CT on D,10000,
feature_0 > 0.476 AND feature_1 > 1.578,4.406,0.02,1.97,6.38,2,1.0,0.61,3.304,2.0,0.61,CT on P,10000,
feature_0 > 0.476 AND feature_1 <= 1.578 AND feature_0 > 1.756,3.23,0.03,0.64,3.87,3,0.73,0.45,2.867,2.0,0.53,CT on P,10000,
feature_0 <= 0.476 AND feature_1 > 0.492 AND feature_4 <= -0.4 AND feature_3 <= -0.594 AND feature_6 > 0.133,3.145,0.02,-1.15,1.99,5,0.71,0.44,0.809,5.0,0.15,CT on P,10000,
feature_0 > 0.476,1.873,0.32,0.76,2.64,1,0.43,0.38,1.953,1.0,0.48,CT on P,10000,
feature_0 > 0.476 AND feature_1 <= 1.578 AND feature_0 <= 1.756 AND feature_4 > -1.357 AND feature_1 > -0.641 AND feature_4 > 0.413,2.544,0.07,0.69,3.24,6,0.58,0.37,1.909,3.0,0.37,CT on P,10000,
feature_0 <= 0.221 AND feature_1 > 0.321 AND feature_8 <= -1.323 AND feature_2 > 1.242,39.709,0.0,,,4,1.0,0.6,0.424,4.0,0.27,CF,10000,9.84
feature_0 > -1.505 AND feature_0 <= 0.791 AND feature_2 <= 1.621 AND feature_3 <= 0.381,0.735,0.61,,,4,0.02,0.26,0.583,3.0,0.61,CF,10000,9.84
feature_0 > -1.505,1.124,0.53,,,1,0.03,0.23,0.948,1.0,0.81,CF,10000,9.84
feature_0 > -1.595,0.834,0.54,,,1,0.02,0.23,0.931,1.0,0.81,CF,10000,9.84
feature_0 <= 1.636,0.745,0.54,,,1,0.02,0.23,0.703,1.0,0.66,CF,10000,9.84
feature_0 > -0.206 AND feature_1 > 0.523 AND feature_0 > 0.644 AND feature_1 > 1.579,2.735,0.02,,,4,1.0,0.61,3.417,2.0,0.61,CF SingleTree,10000,0.76
feature_0 > -0.206 AND feature_1 > 0.523 AND feature_0 > 0.644,2.229,0.08,,,3,0.81,0.52,2.717,2.0,0.51,CF SingleTree,10000,0.76
feature_0 > -0.206 AND feature_1 > 0.523 AND feature_0 > 0.644 AND feature_1 <= 1.579,2.113,0.07,,,4,0.77,0.49,2.556,2.0,0.48,CF SingleTree,10000,0.76
feature_0 > -0.206 AND feature_1 > 0.523,1.856,0.16,,,2,0.68,0.47,2.139,2.0,0.44,CF SingleTree,10000,0.76
feature_0 > -0.206,1.263,0.39,,,1,0.46,0.43,1.488,1.0,0.42,CF SingleTree,10000,0.76
feature_1 > -1.131 AND feature_0 > 0.426 AND feature_1 > 0.954 AND feature_8 > 0.326 AND feature_3 <= 0.003,4.203,0.01,0.36,4.56,5,1.0,0.6,2.833,4.0,0.6,CT on D,10000,
feature_1 > -1.131 AND feature_0 > 0.426 AND feature_1 > 0.954 AND feature_8 <= 0.326 AND feature_8 <= -0.991,3.952,0.01,1.05,5.0,5,0.94,0.57,2.842,3.0,0.6,CT on D,10000,
feature_1 > -1.131 AND feature_0 > 0.426 AND feature_1 <= 0.954 AND feature_0 > 1.069 AND feature_7 <= -0.694 AND feature_9 <= -0.017,3.883,0.01,0.24,4.13,6,0.92,0.56,2.326,4.0,0.49,CT on D,10000,
feature_1 > -1.131 AND feature_0 > 0.426 AND feature_1 > 0.954 AND feature_8 > 0.326,3.836,0.02,0.98,4.82,4,0.91,0.56,2.856,3.0,0.61,CT on D,10000,
feature_1 > -1.131 AND feature_0 > 0.426 AND feature_1 <= 0.954 AND feature_0 > 1.069 AND feature_7 > -0.694 AND feature_9 > 1.038,3.551,0.01,0.1,3.65,6,0.84,0.51,2.208,4.0,0.47,CT on D,10000,
feature_2 <= 0.812 AND feature_0 > 1.188 AND feature_1 > 1.124,4.321,0.01,1.21,5.53,3,1.0,0.6,3.496,3.0,0.6,CT on P,10000,
feature_2 <= 0.812 AND feature_0 <= 1.188 AND feature_1 > -0.093 AND feature_0 > 0.394 AND feature_1 > 0.991 AND feature_9 > 0.337,4.27,0.01,0.25,4.52,6,0.99,0.6,2.412,4.0,0.42,CT on P,10000,
feature_2 <= 0.812,0.874,0.94,0.75,1.62,1,0.2,0.5,0.777,1.0,0.51,CT on P,10000,
feature_2 <= 0.812 AND feature_0 > 1.188 AND feature_1 <= 1.124 AND feature_6 <= 0.762 AND feature_7 <= -0.493,3.425,0.02,0.19,3.61,5,0.79,0.48,2.309,5.0,0.4,CT on P,10000,
feature_2 <= 0.812 AND feature_0 > 1.188 AND feature_1 <= 1.124 AND feature_6 > 0.762,3.419,0.02,0.45,3.87,4,0.79,0.48,2.322,4.0,0.41,CT on P,10000,
feature_0 > 1.452 AND feature_1 > 0.584 AND feature_9 > -0.485 AND feature_7 <= -0.728,8.908,0.0,,,4,1.0,0.6,3.573,4.0,0.6,CF,10000,10.45
feature_0 > 1.452 AND feature_1 > 0.584 AND feature_9 <= -0.485 AND feature_0 <= 1.78,8.231,0.0,,,4,0.92,0.55,3.028,3.0,0.51,CF,10000,10.45
feature_0 > 0.525 AND feature_1 > 1.193 AND feature_4 <= -1.05 AND feature_7 > 0.615,8.021,0.0,,,4,0.9,0.54,2.952,4.0,0.5,CF,10000,10.45
feature_0 > 0.434 AND feature_1 > 1.31 AND feature_3 > -0.047 AND feature_5 <= -0.565,7.525,0.0,,,4,0.84,0.51,3.259,4.0,0.55,CF,10000,10.45
feature_0 > 0.571 AND feature_1 > 1.56 AND feature_1 > 1.94 AND feature_6 <= -0.104,7.349,0.0,,,4,0.82,0.49,3.507,3.0,0.59,CF,10000,10.45
feature_0 > 0.394 AND feature_1 > 0.714 AND feature_0 > 0.767 AND feature_1 > 1.049,2.564,0.03,,,4,1.0,0.61,3.114,2.0,0.61,CF SingleTree,10000,0.77
feature_0 > 0.394 AND feature_1 > 0.714 AND feature_0 > 0.767,2.427,0.05,,,3,0.95,0.59,2.902,2.0,0.58,CF SingleTree,10000,0.77
feature_0 > 0.394 AND feature_1 > 0.714,2.217,0.08,,,2,0.86,0.55,2.626,2.0,0.54,CF SingleTree,10000,0.77
feature_0 > 0.394,1.713,0.32,,,1,0.67,0.53,1.848,1.0,0.48,CF SingleTree,10000,0.77
feature_0 > 0.394 AND feature_1 > 0.714 AND feature_0 > 0.767 AND feature_1 <= 1.049,2.185,0.02,,,4,0.85,0.52,2.532,2.0,0.5,CF SingleTree,10000,0.77
feature_2 <= 1.891 AND feature_0 > -0.457 AND feature_0 > 1.197 AND feature_1 > 0.184 AND feature_3 <= -0.274,3.999,0.03,0.59,4.59,5,1.0,0.61,2.981,4.0,0.61,CT on D,10000,
feature_2 <= 1.891 AND feature_0 > -0.457 AND feature_0 > 1.197 AND feature_1 > 0.184 AND feature_3 > -0.274 AND feature_8 <= -0.131,3.73,0.0,1.68,5.41,6,0.93,0.56,2.981,5.0,0.6,CT on D,10000,
feature_2 <= 1.891 AND feature_0 > -0.457 AND feature_0 > 1.197 AND feature_1 <= 0.184 AND feature_4 <= -0.179 AND feature_4 > -0.735,3.499,0.01,-0.68,2.82,6,0.87,0.53,2.141,4.0,0.43,CT on D,10000,
feature_2 <= 1.891 AND feature_0 > -0.457 AND feature_0 <= 1.197 AND feature_1 > 0.629 AND feature_1 > 1.443 AND feature_5 > -0.379,3.341,0.02,1.32,4.66,6,0.84,0.51,2.317,4.0,0.47,CT on D,10000,
feature_2 <= 1.891 AND feature_0 > -0.457 AND feature_0 > 1.197 AND feature_1 > 0.184,3.254,0.04,1.65,4.9,4,0.81,0.5,2.985,3.0,0.62,CT on D,10000,
feature_8 > -1.816 AND feature_0 > 0.592 AND feature_1 <= 0.198 AND feature_6 > 1.097,4.021,0.02,-0.9,3.12,4,1.0,0.61,1.686,4.0,0.35,CT on P,10000,
feature_8 > -1.816 AND feature_0 > 0.592 AND feature_1 > 0.198 AND feature_4 > -0.537 AND feature_3 <= -0.245 AND feature_0 > 1.18,4.015,0.02,0.58,4.6,6,1.0,0.61,2.967,5.0,0.61,CT on P,10000,
feature_8 > -1.816 AND feature_0 > 0.592 AND feature_1 > 0.198 AND feature_4 <= -0.537,3.83,0.04,0.38,4.21,4,0.95,0.59,2.515,4.0,0.52,CT on P,10000,
feature_8 > -1.816,0.769,0.97,0.58,1.35,1,0.19,0.5,0.803,1.0,0.55,CT on P,10000,
feature_8 > -1.816 AND feature_0 > 0.592 AND feature_1 > 0.198,2.988,0.12,0.8,3.79,3,0.74,0.49,2.504,3.0,0.55,CT on P,10000,
feature_0 <= 0.348 AND feature_2 > 0.643 AND feature_1 <= -1.482 AND feature_9 <= -1.041,27.98,0.0,,,4,1.0,0.6,0.416,4.0,0.11,CF,10000,10.44
feature_0 > -0.589 AND feature_4 > 1.608 AND feature_1 > 0.972 AND feature_3 > -0.26,17.826,0.0,,,4,0.64,0.38,2.224,4.0,0.6,CF,10000,10.44
feature_0 <= 1.307,0.934,0.51,,,1,0.03,0.22,0.618,1.0,0.37,CF,10000,10.44
feature_0 > -1.182,1.04,0.5,,,1,0.04,0.22,1.032,1.0,0.48,CF,10000,10.44
feature_0 <= 1.135,0.866,0.5,,,1,0.03,0.22,0.566,1.0,0.35,CF,10000,10.44
feature_0 > -0.522 AND feature_0 > 1.093 AND feature_1 > -0.016 AND feature_0 > 1.275,2.409,0.05,,,4,1.0,0.62,2.959,2.0,0.62,CF SingleTree,10000,0.75
feature_0 > -0.522 AND feature_0 > 1.093 AND feature_1 > -0.016,2.297,0.06,,,3,0.95,0.6,2.822,2.0,0.6,CF SingleTree,10000,0.75
feature_0 > -0.522 AND feature_0 > 1.093,1.994,0.12,,,2,0.83,0.54,2.437,1.0,0.54,CF SingleTree,10000,0.75
feature_0 > -0.522,1.312,0.43,,,1,0.54,0.5,1.315,1.0,0.44,CF SingleTree,10000,0.75
feature_0 > -0.522 AND feature_0 > 1.093 AND feature_1 > -0.016 AND feature_0 <= 1.275,1.965,0.02,,,4,0.82,0.5,2.414,2.0,0.5,CF SingleTree,10000,0.75
feature_5 <= 2.263 AND feature_0 > 0.077 AND feature_1 <= 0.713 AND feature_0 > 1.363 AND feature_0 > 1.906 AND feature_6 <= 0.146,4.504,0.01,0.4,4.9,6,1.0,0.6,2.865,4.0,0.6,CT on D,10000,
feature_5 <= 2.263 AND feature_0 > 0.077 AND feature_1 > 0.713 AND feature_0 > 0.232 AND feature_8 <= -0.753 AND feature_9 <= 0.092,4.096,0.01,1.07,5.16,6,0.91,0.55,2.438,5.0,0.51,CT on D,10000,
feature_5 <= 2.263 AND feature_0 > 0.077 AND feature_1 <= 0.713 AND feature_0 > 1.363 AND feature_0 > 1.906,3.516,0.02,0.75,4.27,5,0.78,0.48,2.85,3.0,0.6,CT on D,10000,
feature_5 <= 2.263 AND feature_0 > 0.077 AND feature_1 > 0.713 AND feature_0 > 0.232 AND feature_8 <= -0.753,3.483,0.02,0.95,4.43,5,0.77,0.47,2.441,4.0,0.52,CT on D,10000,
feature_5 <= 2.263 AND feature_0 <= 0.077 AND feature_1 > 1.504 AND feature_6 > 0.079,3.448,0.02,0.65,4.1,4,0.77,0.47,1.406,4.0,0.3,CT on D,10000,
feature_4 > -1.408 AND feature_0 > 0.038 AND feature_1 > -0.082 AND feature_0 > 1.758,3.949,0.02,1.63,5.58,4,1.0,0.61,3.34,3.0,0.61,CT on P,10000,
feature_4 > -1.408 AND feature_0 > 0.038 AND feature_1 > -0.082 AND feature_0 <= 1.758 AND feature_1 > 0.819 AND feature_6 <= -0.895,3.669,0.02,1.17,4.84,6,0.93,0.57,2.327,4.0,0.43,CT on P,10000,
feature_4 > -1.408,0.814,0.92,1.07,1.89,1,0.21,0.49,0.815,1.0,0.51,CT on P,10000,
feature_4 > -1.408 AND feature_0 > 0.038 AND feature_1 <= -0.082 AND feature_0 > 1.737,2.807,0.02,0.57,3.38,4,0.71,0.43,2.521,3.0,0.46,CT on P,10000,
feature_4 > -1.408 AND feature_0 > 0.038 AND feature_1 > -0.082 AND feature_0 <= 1.758 AND feature_1 > 0.819,2.579,0.09,1.52,4.1,5,0.65,0.43,2.305,3.0,0.45,CT on P,10000,
feature_0 > 0.322 AND feature_0 > 2.024 AND feature_7 > 0.538 AND feature_4 <= -0.213,46.582,0.0,,,4,1.0,0.6,3.324,3.0,0.6,CF,10000,11.1
feature_0 <= 1.473,0.663,0.82,,,1,0.01,0.34,0.674,1.0,0.45,CF,10000,11.1
feature_0 > -1.287,1.031,0.8,,,1,0.02,0.33,1.001,1.0,0.5,CF,10000,11.1
feature_0 > -1.142,1.213,0.78,,,1,0.03,0.33,1.042,1.0,0.5,CF,10000,11.1
feature_0 <= 1.226,0.697,0.79,,,1,0.01,0.32,0.605,1.0,0.43,CF,10000,11.1
feature_0 > 0.443 AND feature_1 > 0.843 AND feature_0 > 0.905 AND feature_0 > 1.44,2.835,0.02,,,4,1.0,0.61,3.47,2.0,0.61,CF SingleTree,10000,0.76
feature_0 > 0.443 AND feature_1 > 0.843 AND feature_0 > 0.905,2.679,0.04,,,3,0.94,0.58,3.051,2.0,0.54,CF SingleTree,10000,0.76
feature_0 > 0.443 AND feature_1 > 0.843 AND feature_0 > 0.905 AND feature_0 <= 1.44,2.559,0.02,,,4,0.9,0.55,2.726,2.0,0.48,CF SingleTree,10000,0.76
feature_0 > 0.443 AND feature_1 > 0.843,2.382,0.07,,,2,0.84,0.53,2.728,2.0,0.5,CF SingleTree,10000,0.76
feature_0 > 0.443,1.682,0.32,,,1,0.59,0.48,1.9,1.0,0.46,CF SingleTree,10000,0.76
feature_0 > -1.423 AND feature_0 > 0.864 AND feature_0 > 1.698 AND feature_3 > -0.331 AND feature_9 > -0.069,4.39,0.01,0.96,5.35,5,1.0,0.6,3.034,3.0,0.6,CT on D,10000,
feature_0 > -1.423 AND feature_0 > 0.864 AND feature_0 > 1.698 AND feature_3 > -0.331,3.562,0.03,1.52,5.08,4,0.81,0.5,2.975,2.0,0.6,CT on D,10000,
feature_0 > -1.423 AND feature_0 > 0.864 AND feature_0 <= 1.698 AND feature_0 <= 0.908,3.492,0.01,0.25,3.74,4,0.8,0.48,1.703,1.0,0.34,CT on D,10000,
feature_0 > -1.423 AND feature_0 > 0.864 AND feature_0 <= 1.698 AND feature_0 > 0.908 AND feature_1 > 0.625 AND feature_5 <= 0.372,3.259,0.03,1.62,4.88,6,0.74,0.46,2.751,3.0,0.56,CT on D,10000,
feature_0 <= -1.423 AND feature_8 > -1.009 AND feature_1 <= 0.915 AND feature_9 > -0.124 AND feature_1 <= -0.384,3.312,0.01,2.41,-0.9,5,0.75,0.46,1.538,4.0,0.31,CT on D,10000,
feature_9 > -2.206 AND feature_0 > -0.534 AND feature_0 > 1.464 AND feature_9 > -0.024 AND feature_9 <= 0.711,4.048,0.02,0.97,5.02,5,1.0,0.61,2.813,2.0,0.61,CT on P,10000,
feature_9 > -2.206 AND feature_0 > -0.534 AND feature_0 > 1.464 AND feature_9 > -0.024,3.659,0.03,1.21,4.87,4,0.9,0.55,2.787,2.0,0.61,CT on P,10000,
feature_9 > -2.206,0.833,0.98,1.29,2.12,1,0.21,0.52,0.815,1.0,0.57,CT on P,10000,
feature_9 > -2.206 AND feature_0 > -0.534 AND feature_0 > 1.464 AND feature_9 > -0.024 AND feature_9 > 0.711,3.205,0.02,1.5,4.71,5,0.79,0.48,2.759,2.0,0.6,CT on P,10000,
feature_9 > -2.206 AND feature_0 > -0.534,1.367,0.7,1.19,2.56,2,0.34,0.48,1.308,2.0,0.56,CT on P,10000,
feature_0 > -0.337 AND feature_1 <= 0.444 AND feature_0 > 1.503 AND feature_8 > 0.865,12.566,0.01,,,4,1.0,0.6,2.431,3.0,0.52,CF,10000,9.67
feature_0 > 0.19 AND feature_0 > 1.494 AND feature_4 <= -0.942 AND feature_6 > 0.527,8.741,0.0,,,4,0.7,0.42,2.836,3.0,0.6,CF,10000,9.67
feature_0 > 0.144 AND feature_1 <= 0.715 AND feature_3 <= -1.63 AND feature_7 <= -1.084,7.802,0.0,,,4,0.62,0.37,1.365,4.0,0.29,CF,10000,9.67
feature_0 > -1.421,1.142,0.66,,,1,0.09,0.32,0.97,1.0,0.47,CF,10000,9.67
feature_0 > -1.425,1.067,0.66,,,1,0.08,0.31,0.968,1.0,0.47,CF,10000,9.67
feature_0 > 0.201 AND feature_0 > 0.863 AND feature_0 > 1.379 AND feature_1 > -0.055,2.356,0.04,,,4,1.0,0.62,2.994,2.0,0.62,CF SingleTree,10000,0.74
feature_0 > 0.201 AND feature_0 > 0.863 AND feature_0 > 1.379,2.214,0.08,,,3,0.94,0.6,2.671,1.0,0.57,CF SingleTree,10000,0.74
feature_0 > 0.201 AND feature_0 > 0.863,2.008,0.18,,,2,0.85,0.58,2.23,1.0,0.52,CF SingleTree,10000,0.74
feature_0 > 0.201,1.557,0.37,,,1,0.66,0.54,1.726,1.0,0.49,CF SingleTree,10000,0.74
feature_0 > 0.201 AND feature_0 > 0.863 AND feature_0 <= 1.379 AND feature_1 > 0.297,2.04,0.04,,,4,0.87,0.54,2.447,2.0,0.51,CF SingleTree,10000,0.74
feature_6 <= -0.667 AND feature_6 <= -1.032 AND feature_7 > -1.442 AND feature_0 > 0.793 AND feature_1 > 1.528 AND feature_7 <= -0.008,4.484,0.0,1.67,6.15,6,1.0,0.6,3.428,4.0,0.53,CT on D,100000,
feature_6 > -0.667 AND feature_7 > -2.179 AND feature_0 <= -1.099 AND feature_1 <= 0.565 AND feature_0 <= -2.215 AND feature_0 <= -2.827,4.247,0.0,2.82,-1.43,6,0.95,0.57,2.505,4.0,0.39,CT on D,100000,
feature_6 > -0.667 AND feature_7 > -2.179 AND feature_0 > -1.099 AND feature_0 > 1.138 AND feature_1 > 0.59 AND feature_1 > 1.723,4.199,0.01,2.08,6.28,6,0.94,0.57,3.863,4.0,0.6,CT on D,100000,
feature_6 <= -0.667 AND feature_6 <= -1.032 AND feature_7 > -1.442 AND feature_0 > 0.793 AND feature_1 > 1.528,3.914,0.0,1.79,5.71,5,0.87,0.52,3.487,4.0,0.54,CT on D,100000,
feature_6 <= -0.667 AND feature_6 <= -1.032 AND feature_7 > -1.442 AND feature_0 > 0.793 AND feature_1 > 1.528 AND feature_7 > -0.008,3.345,0.0,1.92,5.27,6,0.75,0.45,3.545,4.0,0.55,CT on D,100000,
feature_7 > -2.491 AND feature_0 > 1.161 AND feature_1 > 0.618 AND feature_1 > 1.716 AND feature_2 > -0.106,4.438,0.0,2.07,6.51,5,1.0,0.6,3.903,4.0,0.6,CT on P,100000,
feature_7 > -2.491 AND feature_0 <= 1.161 AND feature_0 <= -1.332 AND feature_1 <= 1.075 AND feature_0 <= -1.818 AND feature_0 <= -2.802,4.182,0.0,3.11,-1.07,6,0.94,0.57,2.433,3.0,0.37,CT on P,100000,
feature_7 > -2.491 AND feature_0 > 1.161 AND feature_1 > 0.618 AND feature_1 > 1.716,4.084,0.01,2.06,6.14,4,0.92,0.56,3.884,3.0,0.6,CT on P,100000,
feature_7 > -2.491 AND feature_0 > 1.161 AND feature_1 > 0.618 AND feature_1 <= 1.716 AND feature_2 <= -1.174,3.702,0.0,1.52,5.22,5,0.83,0.5,3.007,4.0,0.46,CT on P,100000,
feature_7 > -2.491,0.749,0.99,1.02,1.77,1,0.17,0.5,0.807,1.0,0.52,CT on P,100000,
feature_0 > 0.391 AND feature_1 > 0.925 AND feature_0 > 1.823 AND feature_1 > 1.921,6.0,0.0,,,4,1.0,0.6,4.55,2.0,0.6,CF,100000,38.3
feature_0 > 0.02 AND feature_1 > 1.148 AND feature_0 > 1.566 AND feature_8 > 1.55,5.363,0.0,,,4,0.89,0.54,3.785,3.0,0.5,CF,100000,38.3
feature_0 > 0.694 AND feature_1 > -0.227 AND feature_1 > 1.638 AND feature_8 > 1.418,5.012,0.0,,,4,0.84,0.5,3.466,3.0,0.46,CF,100000,38.3
feature_0 > -0.108 AND feature_1 > 0.911 AND feature_0 > 1.012 AND feature_1 > 1.771,4.811,0.01,,,4,0.8,0.49,3.799,2.0,0.5,CF,100000,38.3
feature_0 > 0.193 AND feature_1 > 0.886 AND feature_0 > 1.277 AND feature_1 > 1.568,4.496,0.01,,,4,0.75,0.45,3.868,2.0,0.51,CF,100000,38.3
feature_0 > 0.038 AND feature_0 > 0.885 AND feature_1 > 0.682 AND feature_1 > 0.949,2.767,0.03,,,4,1.0,0.61,3.127,2.0,0.61,CF SingleTree,100000,2.31
feature_0 > 0.038 AND feature_0 > 0.885 AND feature_1 > 0.682,2.66,0.04,,,3,0.96,0.59,2.973,2.0,0.59,CF SingleTree,100000,2.31
feature_0 > 0.038 AND feature_0 > 0.885 AND feature_1 > 0.682 AND feature_1 <= 0.949,2.412,0.01,,,4,0.87,0.53,2.615,2.0,0.51,CF SingleTree,100000,2.31
feature_0 > 0.038 AND feature_0 > 0.885,2.034,0.15,,,2,0.74,0.5,2.248,1.0,0.49,CF SingleTree,100000,2.31
feature_0 > 0.038 AND feature_0 > 0.885 AND feature_1 <= 0.682 AND feature_0 > 1.451,2.153,0.05,,,4,0.78,0.49,2.464,2.0,0.49,CF SingleTree,100000,2.31
feature_0 > -0.905 AND feature_2 <= 2.007 AND feature_0 > -0.026 AND feature_0 > 0.916 AND feature_1 <= 0.687 AND feature_0 > 2.497,3.718,0.0,1.13,4.85,6,1.0,0.6,3.387,3.0,0.6,CT on D,100000,
feature_0 > -0.905 AND feature_2 <= 2.007 AND feature_0 > -0.026 AND feature_0 <= 0.916 AND feature_1 > 0.807 AND feature_1 > 2.643,3.715,0.0,2.24,5.96,6,1.0,0.6,3.342,3.0,0.59,CT on D,100000,
feature_0 > -0.905 AND feature_2 > 2.007 AND feature_8 > -0.336 AND feature_0 > -0.04 AND feature_1 > 0.602,3.451,0.0,1.16,4.61,5,0.93,0.56,2.294,4.0,0.41,CT on D,100000,
feature_0 > -0.905 AND feature_2 <= 2.007 AND feature_0 > -0.026 AND feature_0 > 0.916 AND feature_1 > 0.687 AND feature_8 <= 0.741,3.091,0.03,1.7,4.79,6,0.83,0.51,2.985,4.0,0.54,CT on D,100000,
feature_0 > -0.905 AND feature_2 <= 2.007 AND feature_0 <= -0.026 AND feature_1 > 1.068 AND feature_1 > 2.128 AND feature_6 > 0.209,3.118,0.0,0.77,3.88,6,0.84,0.5,2.117,4.0,0.38,CT on D,100000,
feature_2 <= 0.891 AND feature_0 > -0.279 AND feature_0 > 0.944 AND feature_0 > 1.962 AND feature_1 > 0.481 AND feature_5 > -0.03,5.236,0.0,1.78,7.01,6,1.0,0.6,3.778,4.0,0.6,CT on P,100000,
feature_2 <= 0.891 AND feature_0 > -0.279 AND feature_0 > 0.944 AND feature_0 > 1.962 AND feature_1 > 0.481,4.459,0.0,1.87,6.33,5,0.85,0.51,3.788,3.0,0.6,CT on P,100000,
feature_2 <= 0.891 AND feature_0 > -0.279 AND feature_0 > 0.944 AND feature_0 > 1.962 AND feature_1 > 0.481 AND feature_5 <= -0.03,3.736,0.0,1.95,5.69,6,0.71,0.43,3.798,4.0,0.6,CT on P,100000,
feature_2 <= 0.891 AND feature_0 > -0.279 AND feature_0 > 0.944 AND feature_0 <= 1.962 AND feature_1 > 1.099 AND feature_8 <= 0.558,3.376,0.01,1.67,5.04,6,0.64,0.39,3.133,4.0,0.5,CT on P,100000,
feature_2 <= 0.891 AND feature_0 <= -0.279 AND feature_0 <= -1.226 AND feature_1 <= 0.382 AND feature_0 <= -1.666 AND feature_8 <= -1.2,3.237,0.0,2.51,-0.72,6,0.62,0.37,1.614,4.0,0.25,CT on P,100000,
feature_0 > 0.242 AND feature_1 > 0.655 AND feature_0 > 1.587 AND feature_6 > 1.429,6.456,0.0,,,4,1.0,0.6,3.672,3.0,0.5,CF,100000,36.12
feature_0 > -0.027 AND feature_1 > 0.77 AND feature_0 > 1.327 AND feature_0 > 2.507,5.169,0.0,,,4,0.8,0.48,4.441,2.0,0.6,CF,100000,36.12
feature_0 > -0.032 AND feature_1 > 1.428 AND feature_0 > 0.434 AND feature_0 > 1.959,4.839,0.0,,,4,0.75,0.45,4.413,2.0,0.6,CF,100000,36.12
feature_0 > 0.315 AND feature_1 > 0.778 AND feature_0 > 1.145 AND feature_0 > 2.424,4.66,0.0,,,4,0.72,0.43,4.354,2.0,0.59,CF,100000,36.12
feature_0 > -0.205 AND feature_1 > 0.968 AND feature_0 > 0.468 AND feature_0 > 1.787,4.574,0.01,,,4,0.71,0.43,3.905,2.0,0.53,CF,100000,36.12
feature_0 > -0.035 AND feature_0 > 1.057 AND feature_1 > 0.641 AND feature_1 > 1.423,2.896,0.01,,,4,1.0,0.6,3.606,2.0,0.6,CF SingleTree,100000,2.29
feature_0 > -0.035 AND feature_0 > 1.057 AND feature_1 > 0.641,2.662,0.04,,,3,0.92,0.57,3.082,2.0,0.53,CF SingleTree,100000,2.29
feature_0 > -0.035 AND feature_0 > 1.057 AND feature_1 > 0.641 AND feature_1 <= 1.423,2.563,0.03,,,4,0.89,0.54,2.862,2.0,0.49,CF SingleTree,100000,2.29
feature_0 > -0.035 AND feature_0 > 1.057,2.108,0.13,,,2,0.73,0.49,2.375,1.0,0.45,CF SingleTree,100000,2.29
feature_0 > -0.035 AND feature_0 > 1.057 AND feature_1 <= 0.641 AND feature_0 > 1.311,2.002,0.07,,,4,0.69,0.44,2.329,2.0,0.42,CF SingleTree,100000,2.29
feature_5 > -1.315 AND feature_0 > -0.337 AND feature_0 > 0.964 AND feature_1 > 1.193 AND feature_0 > 1.967 AND feature_7 > 0.308,5.418,0.0,1.11,6.53,6,1.0,0.6,4.181,4.0,0.6,CT on D,100000,
feature_5 > -1.315 AND feature_0 > -0.337 AND feature_0 > 0.964 AND feature_1 > 1.193 AND feature_0 > 1.967,4.742,0.0,2.02,6.76,5,0.88,0.53,4.194,3.0,0.6,CT on D,100000,
feature_5 > -1.315 AND feature_0 > -0.337 AND feature_0 > 0.964 AND feature_1 > 1.193 AND feature_0 <= 1.967 AND feature_8 > 0.805,4.405,0.0,1.77,6.18,6,0.81,0.49,3.215,4.0,0.46,CT on D,100000,
feature_5 > -1.315 AND feature_0 > -0.337 AND feature_0 > 0.964 AND feature_1 > 1.193 AND feature_0 > 1.967 AND feature_7 <= 0.308,4.277,0.0,2.64,6.92,6,0.79,0.47,4.202,4.0,0.6,CT on D,100000,
feature_5 > -1.315 AND feature_0 > -0.337 AND feature_0 > 0.964 AND feature_1 <= 1.193 AND feature_0 > 2.388 AND feature_5 > -0.474,4.054,0.01,1.24,5.3,6,0.75,0.45,3.383,3.0,0.49,CT on D,100000,
feature_5 <= 2.17 AND feature_0 > 0.412 AND feature_0 > 2.003 AND feature_1 > 1.005 AND feature_8 <= 0.027,5.341,0.0,1.52,6.86,5,1.0,0.6,4.108,4.0,0.6,CT on P,100000,
feature_5 <= 2.17 AND feature_0 > 0.412 AND feature_0 <= 2.003 AND feature_1 > 1.741 AND feature_2 > 0.995 AND feature_0 > 0.921,4.97,0.0,1.47,6.44,6,0.93,0.56,3.515,4.0,0.51,CT on P,100000,
feature_5 <= 2.17 AND feature_0 > 0.412 AND feature_0 > 2.003 AND feature_1 > 1.005,4.692,0.0,1.99,6.68,4,0.88,0.53,4.132,3.0,0.6,CT on P,100000,
feature_5 <= 2.17 AND feature_0 > 0.412 AND feature_0 <= 2.003 AND feature_1 > 1.741 AND feature_2 > 0.995,4.608,0.0,1.15,5.76,5,0.86,0.52,3.244,4.0,0.47,CT on P,100000,
feature_5 <= 2.17,0.924,0.99,1.0,1.92,1,0.17,0.5,0.807,1.0,0.51,CT on P,100000,
feature_0 > 0.227 AND feature_1 > 0.809 AND feature_0 > 1.198 AND feature_1 > 2.25,5.831,0.0,,,4,1.0,0.6,4.36,2.0,0.6,CF,100000,28.92
feature_0 > -0.255 AND feature_1 > 0.848 AND feature_0 > 1.613 AND feature_4 <= -1.048,5.702,0.0,,,4,0.98,0.59,3.648,3.0,0.5,CF,100000,28.92
feature_0 > 0.502 AND feature_1 > 0.674 AND feature_0 > 1.612 AND feature_5 > 1.295,5.452,0.0,,,4,0.94,0.56,3.561,3.0,0.49,CF,100000,28.92
feature_0 > -0.196 AND feature_0 > 1.31 AND feature_1 > 0.116 AND feature_0 > 2.502,5.132,0.0,,,4,0.88,0.53,4.09,2.0,0.56,CF,100000,28.92
feature_0 > -0.222 AND feature_0 > 1.642 AND feature_1 > 0.891,5.015,0.01,,,3,0.86,0.52,3.723,2.0,0.52,CF,100000,28.92
feature_0 > 0.227 AND feature_0 > 1.118 AND feature_1 > 0.809 AND feature_0 > 1.496,3.192,0.02,,,4,1.0,0.61,3.551,2.0,0.61,CF SingleTree,100000,2.23
feature_0 > 0.227 AND feature_0 > 1.118 AND feature_1 > 0.809,2.96,0.03,,,3,0.93,0.57,3.241,2.0,0.56,CF SingleTree,100000,2.23
feature_0 > 0.227 AND feature_0 > 1.118 AND feature_1 > 0.809 AND feature_0 <= 1.496,2.708,0.02,,,4,0.85,0.52,2.905,2.0,0.5,CF SingleTree,100000,2.23
feature_0 > 0.227 AND feature_0 > 1.118,2.247,0.13,,,2,0.7,0.47,2.44,1.0,0.46,CF SingleTree,100000,2.23
feature_0 > 0.227,1.703,0.38,,,1,0.53,0.47,1.754,1.0,0.45,CF SingleTree,100000,2.23
feature_0 > 1.55 AND feature_6 <= 0.422 AND feature_1 > 0.374 AND feature_3 <= 0.401 AND feature_9 > 0.963,3.93,0.0,1.58,5.51,5,1.0,0.6,3.343,5.0,0.58,CT on D,100000,
feature_0 > 1.55 AND feature_6 <= 0.422 AND feature_1 > 0.374 AND feature_3 > 0.401 AND feature_2 > -0.472 AND feature_1 <= 0.718,3.756,0.0,2.0,5.76,6,0.96,0.57,3.012,5.0,0.52,CT on D,100000,
feature_0 > 1.55 AND feature_6 <= 0.422 AND feature_1 <= 0.374 AND feature_0 > 2.658,3.669,0.0,1.52,5.19,4,0.93,0.56,3.487,3.0,0.6,CT on D,100000,
feature_0 > 1.55 AND feature_6 <= 0.422 AND feature_1 > 0.374 AND feature_3 > 0.401 AND feature_2 > -0.472,3.654,0.0,2.48,6.14,5,0.93,0.56,3.36,5.0,0.58,CT on D,100000,
feature_0 > 1.55 AND feature_6 > 0.422 AND feature_3 > -0.357 AND feature_2 > -0.758 AND feature_0 > 1.701 AND feature_1 > -0.312,3.543,0.0,1.98,5.52,6,0.9,0.54,3.157,5.0,0.54,CT on D,100000,
feature_8 <= 1.812 AND feature_0 <= -1.323 AND feature_0 <= -2.298 AND feature_1 <= 0.537 AND feature_7 > 0.626,3.141,0.0,2.2,-0.94,5,1.0,0.6,2.107,4.0,0.43,CT on P,100000,
feature_8 <= 1.812 AND feature_0 > -1.323 AND feature_1 > 0.125 AND feature_1 > 2.356 AND feature_2 <= 0.161,3.043,0.0,1.2,4.24,5,0.97,0.58,2.952,4.0,0.6,CT on P,100000,
feature_8 <= 1.812 AND feature_0 > -1.323 AND feature_1 <= 0.125 AND feature_1 <= -1.367 AND feature_0 <= -1.104 AND feature_7 > 0.546,2.61,0.0,2.19,-0.42,6,0.83,0.5,1.059,4.0,0.22,CT on P,100000,
feature_8 <= 1.812 AND feature_0 <= -1.323 AND feature_0 <= -2.298 AND feature_1 <= 0.537 AND feature_7 <= 0.626 AND feature_9 > -0.46,2.51,0.01,2.22,-0.29,6,0.8,0.48,2.095,5.0,0.43,CT on P,100000,
feature_8 <= 1.812 AND feature_0 <= -1.323 AND feature_0 <= -2.298 AND feature_1 <= 0.537,2.343,0.02,1.99,-0.35,4,0.75,0.46,2.108,3.0,0.44,CT on P,100000,
feature_0 > 0.429 AND feature_1 > 0.919 AND feature_0 > 1.647 AND feature_3 > 1.103,5.256,0.0,,,4,1.0,0.6,3.722,3.0,0.56,CF,100000,57.27
feature_0 > 0.069 AND feature_1 > 1.251 AND feature_0 > 1.698 AND feature_7 <= -0.125,5.171,0.0,,,4,0.98,0.59,3.996,3.0,0.6,CF,100000,57.27
feature_0 > 0.541 AND feature_1 > 0.964 AND feature_1 > 2.288 AND feature_8 <= 0.14,4.805,0.0,,,4,0.91,0.55,3.814,3.0,0.57,CF,100000,57.27
feature_0 > 0.403 AND feature_1 > 0.962 AND feature_2 > -0.217 AND feature_0 > 1.646,4.712,0.0,,,4,0.9,0.54,3.755,3.0,0.56,CF,100000,57.27
feature_0 > -0.104 AND feature_1 > 1.099 AND feature_0 > 0.813 AND feature_1 > 2.224,4.657,0.0,,,4,0.89,0.53,3.997,2.0,0.6,CF,100000,57.27
feature_0 > 0.051 AND feature_0 > 1.246 AND feature_1 > 0.77 AND feature_1 > 1.333,3.09,0.0,,,4,1.0,0.6,3.681,2.0,0.6,CF SingleTree,100000,2.23
feature_0 > 0.051 AND feature_0 > 1.246 AND feature_1 > 0.77,2.898,0.0,,,3,0.94,0.56,3.313,2.0,0.54,CF SingleTree,100000,2.23
feature_0 > 0.051 AND feature_0 > 1.246 AND feature_1 > 0.77 AND feature_1 <= 1.333,2.763,0.0,,,4,0.89,0.54,3.055,2.0,0.5,CF SingleTree,100000,2.23
feature_0 > 0.051 AND feature_0 <= 1.246 AND feature_1 > 0.832 AND feature_0 > 0.76,2.582,0.0,,,4,0.84,0.5,2.628,2.0,0.43,CF SingleTree,100000,2.23
feature_0 > 0.051 AND feature_0 > 1.246,2.325,0.0,,,2,0.75,0.45,2.531,1.0,0.41,CF SingleTree,100000,2.23
feature_3 <= 1.632 AND feature_0 > 0.166 AND feature_1 > 0.231 AND feature_0 > 1.036 AND feature_0 > 2.807,5.418,0.0,1.54,6.96,5,1.0,0.6,4.435,3.0,0.6,CT on D,100000,
feature_3 <= 1.632 AND feature_0 > 0.166 AND feature_1 <= 0.231 AND feature_0 > 0.28 AND feature_0 > 2.458 AND feature_0 > 2.882,4.205,0.0,0.86,5.07,6,0.78,0.47,3.67,3.0,0.5,CT on D,100000,
feature_3 <= 1.632,0.775,0.82,0.91,1.68,1,0.14,0.41,0.803,1.0,0.44,CT on D,100000,
feature_3 <= 1.632 AND feature_0 > 0.166 AND feature_1 > 0.231 AND feature_0 <= 1.036 AND feature_1 > 1.932 AND feature_9 <= 1.014,3.354,0.01,1.72,5.08,6,0.62,0.38,2.974,4.0,0.41,CT on D,100000,
feature_3 > 1.632 AND feature_4 <= 0.639 AND feature_7 > -1.703 AND feature_0 > -0.423 AND feature_0 > 0.583 AND feature_1 > 0.455,3.372,0.0,2.11,5.48,6,0.62,0.37,2.583,5.0,0.35,CT on D,100000,
feature_8 <= 1.377 AND feature_0 > -1.02 AND feature_0 > 0.303 AND feature_1 > 1.056 AND feature_1 > 1.773 AND feature_4 > 1.114,4.522,0.0,2.83,7.36,6,1.0,0.6,3.3,4.0,0.6,CT on P,100000,
feature_8 <= 1.377 AND feature_0 <= -1.02 AND feature_0 <= -2.309 AND feature_1 <= -0.294 AND feature_0 <= -2.772,4.25,0.0,2.96,-1.29,5,0.94,0.56,2.694,3.0,0.49,CT on P,100000,
feature_8 <= 1.377 AND feature_0 > -1.02 AND feature_0 <= 0.303 AND feature_1 > 0.764 AND feature_1 > 1.691 AND feature_1 > 2.669,3.523,0.0,1.31,4.83,6,0.78,0.47,2.67,3.0,0.49,CT on P,100000,
feature_8 <= 1.377,0.521,0.92,0.98,1.5,1,0.12,0.44,0.801,1.0,0.51,CT on P,100000,
feature_8 <= 1.377 AND feature_0 > -1.02 AND feature_0 > 0.303 AND feature_1 > 1.056 AND feature_1 > 1.773,3.19,0.01,1.82,5.01,5,0.71,0.43,3.279,3.0,0.6,CT on P,100000,
feature_0 > 0.274 AND feature_1 > 1.607 AND feature_0 > 1.947 AND feature_8 > 0.754,7.235,0.0,,,4,1.0,0.6,4.612,3.0,0.6,CF,100000,34.43
feature_0 > 0.183 AND feature_1 > 1.347 AND feature_0 > 1.237 AND feature_4 > 0.872,6.525,0.0,,,4,0.9,0.54,3.697,3.0,0.48,CF,100000,34.43
feature_0 > 0.128 AND feature_1 > 0.995 AND feature_2 <= -0.877 AND feature_5 <= -1.532,5.73,0.0,,,4,0.79,0.48,2.709,4.0,0.35,CF,100000,34.43
feature_0 > 0.13 AND feature_1 > 1.002 AND feature_0 > 1.216 AND feature_3 <= -1.369,5.715,0.0,,,4,0.79,0.47,3.482,3.0,0.45,CF,100000,34.43
feature_0 > 0.274 AND feature_1 > 1.607 AND feature_0 > 1.947,5.593,0.0,,,3,0.77,0.46,4.547,2.0,0.59,CF,100000,34.43
feature_0 > 0.243 AND feature_0 > 1.409 AND feature_1 > 0.586 AND feature_1 > 1.025,3.024,0.0,,,4,1.0,0.6,3.608,2.0,0.6,CF SingleTree,100000,2.28
feature_0 > 0.243 AND feature_0 > 1.409 AND feature_1 > 0.586,2.852,0.0,,,3,0.94,0.57,3.347,2.0,0.56,CF SingleTree,100000,2.28
feature_0 > 0.243 AND feature_0 > 1.409 AND feature_1 > 0.586 AND feature_1 <= 1.025,2.647,0.0,,,4,0.88,0.53,3.037,2.0,0.51,CF SingleTree,100000,2.28
feature_0 > 0.243 AND feature_0 <= 1.409 AND feature_1 > 0.962 AND feature_0 > 0.828,2.519,0.01,,,4,0.83,0.5,2.793,2.0,0.47,CF SingleTree,100000,2.28
feature_0 > 0.243 AND feature_0 > 1.409 AND feature_1 <= 0.586 AND feature_0 > 1.686,2.423,0.0,,,4,0.8,0.48,2.641,2.0,0.44,CF SingleTree,100000,2.28
feature_1 <= 0.663 AND feature_0 > 2.632 AND feature_6 > 0.499,4.499,0.0,0.55,5.05,3,1.0,0.6,3.541,3.0,0.6,CT on D,100000,
feature_1 <= 0.663 AND feature_0 > 2.632 AND feature_6 <= 0.499 AND feature_2 > 0.036,4.073,0.0,1.2,5.28,4,0.91,0.54,3.492,4.0,0.59,CT on D,100000,
feature_1 > 0.663 AND feature_6 > 0.552 AND feature_8 <= -0.551 AND feature_7 > 0.658 AND feature_0 > -0.009 AND feature_9 <= -0.205,3.926,0.0,0.3,4.22,6,0.87,0.52,2.386,6.0,0.4,CT on D,100000,
feature_1 <= 0.663 AND feature_0 > 2.632,3.755,0.0,1.31,5.07,2,0.83,0.5,3.523,2.0,0.6,CT on D,100000,
feature_1 <= 0.663 AND feature_0 > 2.632 AND feature_6 <= 0.499,3.449,0.0,1.63,5.08,3,0.77,0.46,3.514,3.0,0.6,CT on D,100000,
feature_5 <= 1.398 AND feature_0 > 0.138 AND feature_0 > 1.442 AND feature_0 <= 2.087 AND feature_1 > 1.029 AND feature_5 > 0.633,4.456,0.0,1.33,5.79,6,1.0,0.6,3.413,3.0,0.6,CT on P,100000,
feature_5 <= 1.398 AND feature_0 > 0.138 AND feature_0 <= 1.442 AND feature_1 > 0.542 AND feature_1 > 1.963 AND feature_7 > 0.482,4.168,0.0,1.41,5.57,6,0.94,0.56,3.156,4.0,0.55,CT on P,100000,
feature_5 <= 1.398 AND feature_0 > 0.138 AND feature_0 > 1.442 AND feature_0 > 2.087 AND feature_1 > -0.975 AND feature_8 > -1.344,3.797,0.01,1.08,4.87,6,0.85,0.52,3.386,4.0,0.6,CT on P,100000,
feature_5 <= 1.398 AND feature_0 > 0.138 AND feature_0 > 1.442 AND feature_0 > 2.087 AND feature_1 > -0.975,3.633,0.01,1.13,4.76,5,0.82,0.49,3.381,3.0,0.6,CT on P,100000,
feature_5 > 1.398 AND feature_5 > 1.59 AND feature_1 > -0.046 AND feature_1 <= 0.915 AND feature_0 > 1.02 AND feature_1 <= 0.393,3.539,0.0,0.26,3.8,6,0.79,0.48,2.323,3.0,0.41,CT on P,100000,
feature_0 > 0.063 AND feature_1 > 1.606 AND feature_1 > 2.775 AND feature_6 > 0.474,5.967,0.0,,,4,1.0,0.6,3.979,3.0,0.6,CF,100000,30.24
feature_0 > 0.348 AND feature_1 > 0.664 AND feature_2 <= -1.524 AND feature_2 > -1.6,5.403,0.0,,,4,0.91,0.54,2.463,3.0,0.37,CF,100000,30.24
feature_0 > 0.287 AND feature_1 > 0.316 AND feature_0 > 1.567 AND feature_3 > 0.928,4.928,0.0,,,4,0.83,0.5,3.338,3.0,0.5,CF,100000,30.24
feature_0 > 0.278 AND feature_1 > 0.838 AND feature_2 <= 0.728 AND feature_1 > 2.278,4.462,0.0,,,4,0.75,0.45,3.745,3.0,0.56,CF,100000,30.24
feature_0 > 0.093 AND feature_1 > 0.921 AND feature_1 > 1.776 AND feature_0 > 0.815,4.238,0.01,,,4,0.71,0.43,3.691,2.0,0.56,CF,100000,30.24
feature_0 > -0.013 AND feature_0 > 1.121 AND feature_1 > 0.66 AND feature_0 > 1.34,2.774,0.02,,,4,1.0,0.61,3.363,2.0,0.61,CF SingleTree,100000,2.24
feature_0 > -0.013 AND feature_0 > 1.121 AND feature_1 > 0.66,2.692,0.03,,,3,0.97,0.59,3.176,2.0,0.58,CF SingleTree,100000,2.24
feature_0 > -0.013 AND feature_0 > 1.121 AND feature_1 > 0.66 AND feature_0 <= 1.34,2.503,0.01,,,4,0.9,0.55,2.744,2.0,0.49,CF SingleTree,100000,2.24
feature_0 > -0.013 AND feature_0 > 1.121,2.193,0.13,,,2,0.79,0.53,2.433,1.0,0.49,CF SingleTree,100000,2.24
feature_0 > -0.013 AND feature_0 > 1.121 AND feature_1 <= 0.66 AND feature_0 > 1.661,2.35,0.04,,,4,0.85,0.52,2.639,2.0,0.49,CF SingleTree,100000,2.24
feature_9 <= 2.88 AND feature_0 > -0.55 AND feature_0 > 1.361 AND feature_0 > 1.785 AND feature_8 > 1.042 AND feature_0 > 1.935,4.659,0.0,0.64,5.3,6,1.0,0.6,3.092,3.0,0.55,CT on D,100000,
feature_9 <= 2.88 AND feature_0 > -0.55 AND feature_0 > 1.361 AND feature_0 > 1.785 AND feature_8 > 1.042,4.164,0.01,0.82,4.98,5,0.89,0.54,2.965,3.0,0.53,CT on D,100000,
feature_9 <= 2.88 AND feature_0 > -0.55 AND feature_0 > 1.361 AND feature_0 <= 1.785 AND feature_1 > 1.122 AND feature_4 <= 0.696,3.867,0.01,1.29,5.16,6,0.83,0.5,3.379,4.0,0.6,CT on D,100000,
feature_9 <= 2.88,0.833,0.94,0.97,1.8,1,0.18,0.48,0.804,1.0,0.52,CT on D,100000,
feature_9 <= 2.88 AND feature_0 > -0.55 AND feature_0 > 1.361 AND feature_0 > 1.785 AND feature_8 <= 1.042 AND feature_0 > 2.263,3.569,0.01,1.29,4.86,6,0.77,0.46,3.397,3.0,0.6,CT on D,100000,
feature_4 > -2.524 AND feature_0 > -0.528 AND feature_0 > 1.34 AND feature_0 <= 1.785 AND feature_1 > 0.975 AND feature_8 <= -0.917,4.756,0.0,0.68,5.43,6,1.0,0.6,3.292,4.0,0.48,CT on P,100000,
feature_4 > -2.524 AND feature_0 > -0.528 AND feature_0 > 1.34 AND feature_0 > 1.785 AND feature_0 > 2.371 AND feature_6 > 0.323,4.677,0.0,0.88,5.55,6,0.98,0.59,3.484,3.0,0.51,CT on P,100000,
feature_4 > -2.524 AND feature_0 > -0.528 AND feature_0 > 1.34 AND feature_0 > 1.785 AND feature_0 <= 2.371 AND feature_1 > 1.613,4.527,0.0,2.27,6.79,6,0.95,0.57,4.137,3.0,0.6,CT on P,100000,
feature_4 > -2.524,0.85,0.99,0.87,1.72,1,0.18,0.5,0.804,1.0,0.51,CT on P,100000,
feature_4 > -2.524 AND feature_0 > -0.528 AND feature_0 > 1.34 AND feature_0 > 1.785 AND feature_0 > 2.371,3.918,0.01,1.12,5.03,5,0.82,0.5,3.478,2.0,0.51,CT on P,100000,
feature_0 > -0.109 AND feature_0 > 1.781 AND feature_1 > 1.532 AND feature_8 > 0.041,6.643,0.0,,,4,1.0,0.6,4.342,3.0,0.6,CF,100000,28.07
feature_0 > 0.061 AND feature_1 > 0.367 AND feature_0 > 1.432 AND feature_7 <= -1.436,5.674,0.0,,,4,0.85,0.51,3.227,3.0,0.45,CF,100000,28.07
feature_0 > -0.109 AND feature_0 > 1.781 AND feature_1 > 1.532,5.314,0.0,,,3,0.8,0.48,4.238,2.0,0.59,CF,100000,28.07
feature_0 > -0.089 AND feature_1 > 0.647 AND feature_0 > 1.192 AND feature_0 > 2.152,4.81,0.0,,,4,0.72,0.43,3.976,2.0,0.55,CF,100000,28.07
feature_0 > 0.645 AND feature_1 > 0.798 AND feature_2 > -1.071 AND feature_0 > 2.118,4.704,0.0,,,4,0.71,0.42,4.052,3.0,0.56,CF,100000,28.07
feature_0 > 0.083 AND feature_0 > 1.041 AND feature_1 > 0.492 AND feature_0 > 1.768,2.928,0.01,,,4,1.0,0.6,3.584,2.0,0.6,CF SingleTree,100000,2.25
feature_0 > 0.083 AND feature_0 > 1.041 AND feature_1 > 0.492,2.658,0.05,,,3,0.91,0.56,2.99,2.0,0.52,CF SingleTree,100000,2.25
feature_0 > 0.083 AND feature_0 > 1.041 AND feature_1 > 0.492 AND feature_0 <= 1.768,2.565,0.03,,,4,0.88,0.54,2.784,2.0,0.48,CF SingleTree,100000,2.25
feature_0 > 0.083 AND feature_0 > 1.041 AND feature_1 <= 0.492 AND feature_0 > 1.781,2.488,0.03,,,4,0.85,0.52,2.701,2.0,0.46,CF SingleTree,100000,2.25
feature_0 > 0.083,1.609,0.45,,,1,0.55,0.51,1.654,1.0,0.46,CF SingleTree,100000,2.25
feature_9 <= 0.453 AND feature_3 > -1.144 AND feature_0 > 1.898 AND feature_1 <= 1.509 AND feature_8 > 1.285,4.85,0.0,0.57,5.42,5,1.0,0.6,3.039,5.0,0.42,CT on D,100000,
feature_9 <= 0.453 AND feature_3 > -1.144 AND feature_0 > 1.898 AND feature_1 > 1.509,4.841,0.0,1.9,6.75,4,1.0,0.6,4.351,4.0,0.6,CT on D,100000,
feature_9 > 0.453 AND feature_5 > -0.333 AND feature_2 > -0.93 AND feature_1 > 2.024 AND feature_2 <= 0.726 AND feature_0 > 0.249,4.167,0.0,1.79,5.95,6,0.86,0.52,3.333,5.0,0.46,CT on D,100000,
feature_9 > 0.453 AND feature_5 <= -0.333 AND feature_0 > 0.27 AND feature_4 > 0.353 AND feature_2 <= -0.157 AND feature_1 > 0.315,3.415,0.0,1.3,4.72,6,0.7,0.42,2.325,6.0,0.32,CT on D,100000,
feature_9 <= 0.453 AND feature_3 > -1.144 AND feature_0 > 1.898,3.318,0.02,1.31,4.63,3,0.68,0.42,3.1,3.0,0.44,CT on D,100000,
feature_3 > -0.267 AND feature_2 > -0.999 AND feature_0 > 0.578 AND feature_0 > 1.884 AND feature_1 > -1.02 AND feature_8 > 1.22,5.447,0.0,0.55,6.0,6,1.0,0.6,3.206,5.0,0.48,CT on P,100000,
feature_3 <= -0.267 AND feature_2 <= 0.197 AND feature_9 <= 1.007 AND feature_0 > 1.847 AND feature_1 > 0.853,4.429,0.0,2.1,6.53,5,0.81,0.49,3.981,5.0,0.6,CT on P,100000,
feature_3 <= -0.267 AND feature_2 > 0.197 AND feature_5 > -0.292 AND feature_4 <= 0.576 AND feature_0 > 0.782 AND feature_0 > 1.706,3.63,0.0,0.09,3.72,6,0.67,0.4,2.922,5.0,0.44,CT on P,100000,
feature_3 > -0.267 AND feature_2 > -0.999 AND feature_0 > 0.578 AND feature_0 > 1.884 AND feature_1 > -1.02,3.592,0.01,1.51,5.1,5,0.66,0.4,3.195,4.0,0.49,CT on P,100000,
feature_3 > -0.267 AND feature_2 > -0.999 AND feature_0 > 0.578 AND feature_0 > 1.884,3.401,0.02,1.34,4.74,4,0.62,0.38,3.081,3.0,0.47,CT on P,100000,
feature_0 > 0.39 AND feature_1 > 0.596 AND feature_0 > 1.893 AND feature_2 > 1.571,6.727,0.0,,,4,1.0,0.6,3.821,3.0,0.58,CF,100000,27.73
feature_0 > 0.181 AND feature_1 > 0.723 AND feature_0 > 1.949 AND feature_4 <= -1.261,5.684,0.0,,,4,0.84,0.51,3.948,3.0,0.6,CF,100000,27.73
feature_0 > -0.218 AND feature_1 > 0.875 AND feature_0 > 1.824 AND feature_2 <= 0.982,4.861,0.01,,,4,0.72,0.44,3.88,3.0,0.59,CF,100000,27.73
feature_0 > 0.278 AND feature_1 > 0.371 AND feature_0 > 1.958 AND feature_2 > -0.546,4.826,0.01,,,4,0.72,0.43,3.7,3.0,0.57,CF,100000,27.73
feature_0 > 0.008 AND feature_1 > 0.554 AND feature_0 > 1.373 AND feature_0 > 1.935,4.814,0.01,,,4,0.72,0.43,3.788,2.0,0.58,CF,100000,27.73
feature_0 > -0.166 AND feature_0 > 1.12 AND feature_1 > 0.489 AND feature_0 > 1.824,3.083,0.01,,,4,1.0,0.6,3.661,2.0,0.6,CF SingleTree,100000,2.14
feature_0 > -0.166 AND feature_0 > 1.12 AND feature_1 > 0.489,2.743,0.04,,,3,0.89,0.55,3.075,2.0,0.52,CF SingleTree,100000,2.14
feature_0 > -0.166 AND feature_0 > 1.12 AND feature_1 > 0.489 AND feature_0 <= 1.824,2.616,0.03,,,4,0.85,0.52,2.857,2.0,0.48,CF SingleTree,100000,2.14
feature_0 > -0.166 AND feature_0 > 1.12,2.251,0.13,,,2,0.73,0.49,2.429,1.0,0.45,CF SingleTree,100000,2.14
feature_0 > -0.166,1.428,0.48,,,1,0.46,0.47,1.502,1.0,0.44,CF SingleTree,100000,2.14
feature_5 <= 2.152 AND feature_0 > -0.5 AND feature_0 > 1.601 AND feature_0 > 2.102 AND feature_9 > 0.086 AND feature_2 > 1.284,5.6,0.0,0.7,6.3,6,1.0,0.6,3.332,4.0,0.6,CT on D,100000,
feature_5 <= 2.152 AND feature_0 > -0.5 AND feature_0 > 1.601 AND feature_0 <= 2.102 AND feature_1 > 0.277 AND feature_1 <= 0.387,4.272,0.0,0.82,5.09,6,0.76,0.46,2.712,3.0,0.49,CT on D,100000,
feature_5 <= 2.152 AND feature_0 > -0.5,1.32,0.78,0.9,2.22,2,0.24,0.45,1.315,2.0,0.55,CT on D,100000,
feature_5 <= 2.152 AND feature_0 > -0.5 AND feature_0 > 1.601 AND feature_0 > 2.102 AND feature_9 > 0.086,3.896,0.02,1.38,5.27,5,0.7,0.43,3.297,3.0,0.6,CT on D,100000,
feature_5 <= 2.152 AND feature_0 <= -0.5 AND feature_1 <= 1.078 AND feature_0 <= -1.42 AND feature_0 <= -2.108 AND feature_9 > 1.356,3.902,0.0,2.84,-1.06,6,0.7,0.42,1.776,4.0,0.32,CT on D,100000,
feature_5 > -2.886 AND feature_0 > 1.578 AND feature_0 > 2.151 AND feature_2 <= -0.289 AND feature_2 > -1.443 AND feature_6 > 0.834,5.476,0.0,0.54,6.02,6,1.0,0.6,3.389,4.0,0.52,CT on P,100000,
feature_5 > -2.886,1.522,1.0,0.9,2.42,1,0.28,0.57,0.809,1.0,0.52,CT on P,100000,
feature_5 > -2.886 AND feature_0 > 1.578 AND feature_0 > 2.151 AND feature_2 > -0.289 AND feature_2 > 0.652 AND feature_1 > 0.336,4.732,0.0,1.93,6.67,6,0.86,0.52,3.9,4.0,0.6,CT on P,100000,
feature_5 > -2.886 AND feature_0 <= 1.578,1.362,0.89,0.87,2.23,2,0.25,0.51,0.687,2.0,0.46,CT on P,100000,
feature_5 > -2.886 AND feature_0 > 1.578 AND feature_0 <= 2.151 AND feature_1 > 0.9 AND feature_3 <= 0.512 AND feature_9 <= 0.702,4.373,0.01,1.17,5.55,6,0.8,0.48,3.515,5.0,0.54,CT on P,100000,
feature_0 > 0.15 AND feature_0 <= 1.26 AND feature_1 > 1.509 AND feature_1 > 2.432,5.102,0.0,,,4,1.0,0.6,3.464,2.0,0.6,CF,100000,19.06
feature_0 > -0.087,1.603,0.98,,,1,0.31,0.58,1.55,1.0,0.66,CF,100000,19.06
feature_0 > -0.129,1.495,0.99,,,1,0.29,0.57,1.525,1.0,0.66,CF,100000,19.06
feature_0 > -0.129,1.474,0.99,,,1,0.29,0.57,1.525,1.0,0.66,CF,100000,19.06
feature_0 > -0.103,1.473,0.99,,,1,0.29,0.57,1.54,1.0,0.66,CF,100000,19.06
feature_0 > 0.163,1.603,0.79,,,1,0.53,0.64,1.711,1.0,0.6,CF SingleTree,100000,2.07
feature_0 > 0.163 AND feature_0 > 1.114 AND feature_1 > 0.295 AND feature_0 > 1.794,3.004,0.03,,,4,1.0,0.61,3.553,2.0,0.61,CF SingleTree,100000,2.07
feature_0 > 0.163 AND feature_0 > 1.114 AND feature_1 > 0.295,2.714,0.09,,,3,0.9,0.58,2.964,2.0,0.54,CF SingleTree,100000,2.07
feature_0 > 0.163 AND feature_0 > 1.114 AND feature_1 > 0.295 AND feature_0 <= 1.794,2.601,0.07,,,4,0.87,0.55,2.735,2.0,0.49,CF SingleTree,100000,2.07
feature_0 > 0.163 AND feature_0 > 1.114,2.233,0.24,,,2,0.74,0.54,2.429,1.0,0.51,CF SingleTree,100000,2.07
feature_7 > -1.432 AND feature_0 > -0.182 AND feature_0 > 0.851 AND feature_1 > -0.185 AND feature_1 > 2.063 AND feature_0 > 1.22,5.195,0.0,2.37,7.56,6,1.0,0.6,4.292,3.0,0.6,CT on D,100000,
feature_7 > -1.432 AND feature_0 > -0.182 AND feature_0 > 0.851 AND feature_1 > -0.185 AND feature_1 > 2.063,4.556,0.0,2.21,6.76,5,0.88,0.53,3.958,3.0,0.55,CT on D,100000,
feature_7 > -1.432 AND feature_0 > -0.182 AND feature_0 <= 0.851 AND feature_1 > 0.928 AND feature_6 <= 1.547 AND feature_1 > 2.65,3.814,0.0,1.78,5.59,6,0.73,0.44,3.343,4.0,0.47,CT on D,100000,
feature_7 > -1.432 AND feature_0 > -0.182 AND feature_0 > 0.851 AND feature_1 > -0.185 AND feature_1 > 2.063 AND feature_0 <= 1.22,3.728,0.0,2.0,5.73,6,0.72,0.43,3.525,3.0,0.49,CT on D,100000,
feature_7 > -1.432 AND feature_0 <= -0.182,0.126,0.86,1.15,1.03,2,0.02,0.36,0.109,2.0,0.36,CT on D,100000,
feature_6 > -1.877 AND feature_0 <= -0.88 AND feature_0 <= -1.674 AND feature_0 > -2.166 AND feature_8 <= -1.596,2.629,0.0,2.58,-0.05,5,1.0,0.6,1.1,3.0,0.35,CT on P,100000,
feature_6 > -1.877 AND feature_0 <= -0.88 AND feature_0 > -1.674 AND feature_1 <= 0.984 AND feature_1 <= -0.531 AND feature_2 > 1.439,2.341,0.01,3.69,1.35,6,0.89,0.54,0.912,4.0,0.29,CT on P,100000,
feature_6 > -1.877 AND feature_0 > -0.88 AND feature_1 > 0.028 AND feature_0 <= -0.229 AND feature_1 > 1.933 AND feature_3 > -0.966,2.258,0.01,1.29,3.54,6,0.86,0.52,1.893,4.0,0.6,CT on P,100000,
feature_6 > -1.877 AND feature_0 <= -0.88 AND feature_0 <= -1.674 AND feature_0 <= -2.166 AND feature_1 <= 1.476 AND feature_7 > -1.151,2.127,0.03,2.0,-0.13,6,0.81,0.5,1.799,4.0,0.58,CT on P,100000,
feature_6 > -1.877 AND feature_0 <= -0.88 AND feature_0 <= -1.674 AND feature_0 > -2.166 AND feature_8 > -1.596 AND feature_5 > 1.242,2.109,0.01,2.05,-0.06,6,0.8,0.49,1.087,4.0,0.35,CT on P,100000,
feature_0 > -0.393 AND feature_1 > 0.855 AND feature_0 > 0.948 AND feature_1 > 1.755,5.367,0.0,,,4,1.0,0.6,3.781,2.0,0.57,CF,100000,54.53
feature_0 > -0.036 AND feature_1 > 1.312 AND feature_0 > 0.903 AND feature_1 > 1.754,5.363,0.0,,,4,1.0,0.6,3.74,2.0,0.56,CF,100000,54.53
feature_0 > -0.337 AND feature_0 > 1.277 AND feature_1 > -0.183 AND feature_1 > 1.7,5.35,0.0,,,4,1.0,0.6,4.014,2.0,0.6,CF,100000,54.53
feature_0 > -0.149 AND feature_1 > 0.733 AND feature_0 > 0.967 AND feature_1 > 1.7,4.864,0.0,,,4,0.91,0.54,3.75,2.0,0.56,CF,100000,54.53
feature_0 > -0.331 AND feature_1 > 1.311 AND feature_0 > 0.926 AND feature_1 > 1.751,4.774,0.0,,,4,0.89,0.53,3.75,2.0,0.56,CF,100000,54.53
feature_0 > -0.283 AND feature_0 > 0.923 AND feature_1 > 0.776 AND feature_1 > 1.328,3.339,0.0,,,4,1.0,0.6,3.435,2.0,0.6,CF SingleTree,100000,2.04
feature_0 > -0.283 AND feature_0 > 0.923 AND feature_1 > 0.776,2.986,0.0,,,3,0.89,0.54,3.063,2.0,0.54,CF SingleTree,100000,2.04
feature_0 > -0.283 AND feature_0 > 0.923 AND feature_1 > 0.776 AND feature_1 <= 1.328,2.731,0.0,,,4,0.82,0.49,2.795,2.0,0.49,CF SingleTree,100000,2.04
feature_0 > -0.283 AND feature_0 > 0.923,2.038,0.0,,,2,0.61,0.37,2.278,1.0,0.4,CF SingleTree,100000,2.04
feature_0 <= -0.283,0.115,0.85,,,1,0.03,0.36,0.18,1.0,0.37,CF SingleTree,100000,2.04
