condition,t_est,overlap,T0,T1,depth,rows,selectivity,selectivity_to_P_ratio,norm_cate,score,t,features,overlap_between_K,coverage,true_score,algorithm,execution_time,overlap_measure
feature_2 > -1.159 AND feature_0 > -0.089 AND feature_0 > 0.846 AND feature_1 > 0.214 AND feature_7 <= -0.245 AND feature_7 > -0.637,4.956,0.867,-0.04,4.92,6,113,0.0113,0.012873091820460241,1.0,0.95,2.654,4.0,0.6310223266745005,0.0537,0.65,CT on D,0.03,overlap_coefficient
feature_2 > -1.159 AND feature_0 > -0.089 AND feature_0 > 0.846 AND feature_1 > 0.214 AND feature_7 <= -0.245,3.845,0.869,0.88,4.72,5,314,0.0314,0.035771246297562086,0.78,0.81,2.654,4.0,0.6310223266745005,0.0537,0.65,CT on D,0.03,overlap_coefficient
feature_2 <= -1.159 AND feature_0 > 0.499 AND feature_1 > 0.492,3.664,0.867,0.99,4.65,3,120,0.012,0.01367053998632946,0.74,0.79,2.623,3.0,0.6310223266745005,0.0537,0.65,CT on D,0.03,overlap_coefficient
feature_2 > -1.159 AND feature_0 > -0.089 AND feature_0 <= 0.846 AND feature_1 > 1.369 AND feature_3 <= -0.439,3.521,0.883,1.04,4.56,5,103,0.0103,0.011733880154932786,0.71,0.78,2.304,4.0,0.6310223266745005,0.0537,0.62,CT on D,0.03,overlap_coefficient
feature_2 > -1.159 AND feature_0 > -0.089 AND feature_0 > 0.846 AND feature_1 > 0.214 AND feature_7 <= -0.245 AND feature_7 <= -0.637,3.227,0.871,1.38,4.61,6,201,0.0201,0.022898154477101845,0.65,0.74,2.654,4.0,0.6310223266745005,0.0537,0.65,CT on D,0.03,overlap_coefficient
feature_5 > -1.389 AND feature_0 > 0.122 AND feature_1 > 0.259 AND feature_7 <= 0.246 AND feature_1 > 1.563,3.813,0.917,1.81,5.62,5,144,0.0144,0.016404647983595352,1.0,0.97,2.928,4.0,0.8563566318106769,0.1556,0.7,CT on P,0.09,overlap_coefficient
feature_5 > -1.389 AND feature_0 > 0.122 AND feature_1 > 0.259 AND feature_7 <= 0.246 AND feature_1 <= 1.563 AND feature_5 <= -0.813,3.478,0.855,0.56,4.03,6,117,0.0117,0.013328776486671223,0.91,0.89,1.965,4.0,0.8563566318106769,0.1556,0.57,CT on P,0.09,overlap_coefficient
feature_5 > -1.389 AND feature_0 > 0.122 AND feature_1 <= 0.259 AND feature_0 > 0.924 AND feature_9 <= 0.713 AND feature_5 <= 0.297,2.794,1.0,0.19,2.99,6,424,0.0424,0.04830257461836409,0.73,0.84,1.93,4.0,0.8563566318106769,0.1556,0.62,CT on P,0.09,overlap_coefficient
feature_5 > -1.389 AND feature_0 > 0.122 AND feature_1 > 0.259 AND feature_7 <= 0.246,2.771,0.878,1.15,3.92,4,1007,0.1007,0.11471861471861472,0.73,0.79,2.174,4.0,0.8563566318106769,0.1556,0.6,CT on P,0.09,overlap_coefficient
feature_5 <= -1.389 AND feature_3 <= 0.693 AND feature_0 > -0.504 AND feature_1 > 0.532,2.643,0.896,0.83,3.48,4,125,0.0125,0.014240145819093188,0.69,0.77,2.07,4.0,0.8563566318106769,0.1556,0.6,CT on P,0.09,overlap_coefficient
feature_0 > -0.159 AND feature_1 > 1.049 AND feature_5 <= -1.38 AND feature_6 > -0.087,25.228,0.864,,,4,44,0.0044,0.005012531328320802,0.87,0.87,2.238,4.0,0.9770114942528736,0.017,0.6,CF,1.02,overlap_coefficient
feature_0 > 0.766 AND feature_1 <= -1.204 AND feature_9 > 0.53 AND feature_2 <= -0.789,29.002,0.524,,,4,21,0.0021,0.0023923444976076554,1.0,0.81,1.518,4.0,0.9770114942528736,0.017,0.38,CF,1.02,overlap_coefficient
feature_0 <= -0.02 AND feature_1 > 1.647 AND feature_4 <= -0.55 AND feature_9 > -0.299,19.035,0.791,,,4,43,0.0043,0.004898610161768057,0.66,0.71,1.479,4.0,0.9770114942528736,0.017,0.49,CF,1.02,overlap_coefficient
feature_0 > -0.018 AND feature_2 <= -1.48 AND feature_5 <= -0.963 AND feature_9 > -0.041,14.982,0.667,,,4,30,0.003,0.003417634996582365,0.52,0.58,1.759,4.0,0.9770114942528736,0.017,0.47,CF,1.02,overlap_coefficient
feature_0 > 0.256 AND feature_1 > 0.966 AND feature_9 > -0.565 AND feature_9 <= -0.42,8.059,1.0,,,4,36,0.0036,0.004101161995898838,0.28,0.57,2.577,3.0,0.9770114942528736,0.017,0.7,CF,1.02,overlap_coefficient
feature_0 > 0.188 AND feature_1 > 0.963 AND feature_0 > 0.613 AND feature_1 > 1.289,2.639,0.882,,,4,263,0.0263,0.029961266803372067,1.0,0.95,3.044,2.0,0.400679117147708,0.0708,0.7,CF SingleTree,0.02,overlap_coefficient
feature_0 > 0.188 AND feature_1 > 0.963 AND feature_0 > 0.613,2.511,0.882,,,3,449,0.0449,0.05115060378218273,0.95,0.92,2.854,2.0,0.400679117147708,0.0708,0.68,CF SingleTree,0.02,overlap_coefficient
feature_0 > 0.188 AND feature_1 > 0.963,2.317,0.891,,,2,708,0.0708,0.08065618591934381,0.88,0.88,2.564,2.0,0.400679117147708,0.0708,0.65,CF SingleTree,0.02,overlap_coefficient
feature_0 > 0.188 AND feature_1 > 0.963 AND feature_0 > 0.613 AND feature_1 <= 1.289,2.331,0.882,,,4,186,0.0186,0.021189336978810664,0.88,0.88,2.587,2.0,0.400679117147708,0.0708,0.65,CF SingleTree,0.02,overlap_coefficient
feature_0 > 0.188 AND feature_1 > 0.963 AND feature_0 <= 0.613 AND feature_0 > 0.334,2.131,0.907,,,4,161,0.0161,0.018341307814992026,0.81,0.85,2.152,2.0,0.400679117147708,0.0708,0.61,CF SingleTree,0.02,overlap_coefficient
feature_0 > 1.84 AND feature_0 < 3.84 AND feature_1 > 0.52 AND feature_1 < 3.52,3.541,0.924,,,4,92,0.0092,0.010480747322852585,0.98,0.96,3.541,2.0,0.6445012787723785,0.0252,0.78,Brute Force (Oracle),9.450000000000001,overlap_coefficient
feature_0 > 0.34 AND feature_0 < 2.34 AND feature_1 > 2.02,3.498,0.931,,,3,58,0.0058,0.006607427660059239,0.97,0.96,3.498,2.0,0.6445012787723785,0.0252,0.78,Brute Force (Oracle),9.450000000000001,overlap_coefficient
feature_0 > 1.84 AND feature_0 < 2.34 AND feature_1 > 0.52,3.423,0.931,,,3,72,0.0072,0.008202323991797676,0.95,0.94,3.423,2.0,0.6445012787723785,0.0252,0.77,Brute Force (Oracle),9.450000000000001,overlap_coefficient
feature_0 > 1.34 AND feature_0 < 3.34 AND feature_1 > 1.02 AND feature_1 < 3.52,3.47,0.903,,,4,113,0.0113,0.012873091820460241,0.97,0.94,3.47,2.0,0.6445012787723785,0.0252,0.76,Brute Force (Oracle),9.450000000000001,overlap_coefficient
feature_0 > 2.34 AND feature_1 > -0.48 AND feature_1 < 2.02,3.576,0.857,,,3,56,0.0056,0.006379585326953748,0.99,0.94,3.576,2.0,0.6445012787723785,0.0252,0.75,Brute Force (Oracle),9.450000000000001,overlap_coefficient
feature_2 > -1.159 AND feature_0 > -0.089 AND feature_0 > 0.846 AND feature_1 > 0.214 AND feature_7 <= -0.245 AND feature_7 > -0.637,4.956,0.867,-0.04,4.92,6,113,0.0113,0.012873091820460241,1.0,0.95,2.654,4.0,0.6310223266745005,0.0537,0.65,CT on D,0.060000000000000005,jaccard_distance
feature_2 > -1.159 AND feature_0 > -0.089 AND feature_0 > 0.846 AND feature_1 > 0.214 AND feature_7 <= -0.245,3.845,0.869,0.88,4.72,5,314,0.0314,0.035771246297562086,0.78,0.81,2.654,4.0,0.6310223266745005,0.0537,0.65,CT on D,0.060000000000000005,jaccard_distance
feature_2 <= -1.159 AND feature_0 > 0.499 AND feature_1 > 0.492,3.664,0.867,0.99,4.65,3,120,0.012,0.01367053998632946,0.74,0.79,2.623,3.0,0.6310223266745005,0.0537,0.65,CT on D,0.060000000000000005,jaccard_distance
feature_2 > -1.159 AND feature_0 > -0.089 AND feature_0 <= 0.846 AND feature_1 > 1.369 AND feature_3 <= -0.439,3.521,0.883,1.04,4.56,5,103,0.0103,0.011733880154932786,0.71,0.78,2.304,4.0,0.6310223266745005,0.0537,0.62,CT on D,0.060000000000000005,jaccard_distance
feature_2 > -1.159 AND feature_0 > -0.089 AND feature_0 > 0.846 AND feature_1 > 0.214 AND feature_7 <= -0.245 AND feature_7 <= -0.637,3.227,0.871,1.38,4.61,6,201,0.0201,0.022898154477101845,0.65,0.74,2.654,4.0,0.6310223266745005,0.0537,0.65,CT on D,0.060000000000000005,jaccard_distance
feature_5 > -1.389 AND feature_0 > 0.122 AND feature_1 > 0.259 AND feature_7 <= 0.246 AND feature_1 > 1.563,3.813,0.917,1.81,5.62,5,144,0.0144,0.016404647983595352,1.0,0.97,2.928,4.0,0.8563566318106769,0.1556,0.7,CT on P,0.17,jaccard_distance
feature_5 > -1.389 AND feature_0 > 0.122 AND feature_1 > 0.259 AND feature_7 <= 0.246 AND feature_1 <= 1.563 AND feature_5 <= -0.813,3.478,0.855,0.56,4.03,6,117,0.0117,0.013328776486671223,0.91,0.89,1.965,4.0,0.8563566318106769,0.1556,0.57,CT on P,0.17,jaccard_distance
feature_5 > -1.389 AND feature_0 > 0.122 AND feature_1 <= 0.259 AND feature_0 > 0.924 AND feature_9 <= 0.713 AND feature_5 <= 0.297,2.794,1.0,0.19,2.99,6,424,0.0424,0.04830257461836409,0.73,0.84,1.93,4.0,0.8563566318106769,0.1556,0.62,CT on P,0.17,jaccard_distance
feature_5 > -1.389 AND feature_0 > 0.122 AND feature_1 > 0.259 AND feature_7 <= 0.246,2.771,0.878,1.15,3.92,4,1007,0.1007,0.11471861471861472,0.73,0.79,2.174,4.0,0.8563566318106769,0.1556,0.6,CT on P,0.17,jaccard_distance
feature_5 <= -1.389 AND feature_3 <= 0.693 AND feature_0 > -0.504 AND feature_1 > 0.532,2.643,0.896,0.83,3.48,4,125,0.0125,0.014240145819093188,0.69,0.77,2.07,4.0,0.8563566318106769,0.1556,0.6,CT on P,0.17,jaccard_distance
feature_0 > 0.766 AND feature_1 <= -1.204 AND feature_9 > 0.53 AND feature_2 <= -0.789,29.002,0.001,,,4,21,0.0021,0.0023923444976076554,1.0,0.6,1.518,4.0,0.5569007263922519,0.989,0.18,CF,0.91,jaccard_distance
feature_0 > -0.159 AND feature_1 > 1.049 AND feature_5 <= -1.38 AND feature_6 > -0.087,25.228,0.004,,,4,44,0.0044,0.005012531328320802,0.87,0.52,2.238,4.0,0.5569007263922519,0.989,0.26,CF,0.91,jaccard_distance
feature_0 <= -0.02 AND feature_1 > 1.647 AND feature_4 <= -0.55 AND feature_9 > -0.299,19.035,0.004,,,4,43,0.0043,0.004898610161768057,0.66,0.4,1.479,4.0,0.5569007263922519,0.989,0.17,CF,0.91,jaccard_distance
feature_0 <= 1.287,0.88,0.803,,,1,9026,0.9026,1.0282524493050809,0.03,0.34,0.609,1.0,0.5569007263922519,0.989,0.39,CF,0.91,jaccard_distance
feature_1 <= 1.094,0.746,0.767,,,1,8625,0.8625,0.98257006151743,0.03,0.32,0.643,1.0,0.5569007263922519,0.989,0.38,CF,0.91,jaccard_distance
feature_0 > 0.188 AND feature_1 > 0.963 AND feature_0 > 0.613 AND feature_1 > 1.289,2.639,0.026,,,4,263,0.0263,0.029961266803372067,1.0,0.61,3.044,2.0,0.723103448275862,0.4194,0.36,CF SingleTree,0.02,jaccard_distance
feature_0 > 0.188 AND feature_1 > 0.963 AND feature_0 > 0.613,2.511,0.045,,,3,449,0.0449,0.05115060378218273,0.95,0.59,2.854,2.0,0.723103448275862,0.4194,0.35,CF SingleTree,0.02,jaccard_distance
feature_0 > 0.188 AND feature_1 > 0.963,2.317,0.071,,,2,708,0.0708,0.08065618591934381,0.88,0.56,2.564,2.0,0.723103448275862,0.4194,0.32,CF SingleTree,0.02,jaccard_distance
feature_0 > 0.188 AND feature_1 > 0.963 AND feature_0 > 0.613 AND feature_1 <= 1.289,2.331,0.019,,,4,186,0.0186,0.021189336978810664,0.88,0.54,2.587,2.0,0.723103448275862,0.4194,0.31,CF SingleTree,0.02,jaccard_distance
feature_0 > 0.188,1.641,0.394,,,1,4194,0.4194,0.47778537252221465,0.62,0.53,1.723,1.0,0.723103448275862,0.4194,0.36,CF SingleTree,0.02,jaccard_distance
feature_0 > 2.34 AND feature_0 < 3.84 AND feature_1 > -0.48 AND feature_1 < 3.52,3.595,0.005,,,4,57,0.0057,0.006493506493506494,1.0,0.6,3.595,2.0,0.6818181818181818,0.027,0.42,Brute Force (Oracle),9.59,jaccard_distance
feature_0 > 1.84 AND feature_0 < 3.34 AND feature_1 > 0.52,3.541,0.01,,,3,92,0.0092,0.010480747322852585,0.98,0.59,3.541,2.0,0.6818181818181818,0.027,0.41,Brute Force (Oracle),9.59,jaccard_distance
feature_0 > 0.34 AND feature_0 < 3.34 AND feature_1 > 2.02,3.517,0.006,,,3,59,0.0059,0.006721348826611985,0.98,0.59,3.517,2.0,0.6818181818181818,0.027,0.41,Brute Force (Oracle),9.59,jaccard_distance
feature_0 > 2.34 AND feature_0 < 3.84 AND feature_1 > -0.98,3.488,0.007,,,3,75,0.0075,0.008544087491455913,0.97,0.58,3.488,2.0,0.6818181818181818,0.027,0.4,Brute Force (Oracle),9.59,jaccard_distance
feature_0 > 1.34 AND feature_1 > 1.02,3.47,0.012,,,2,113,0.0113,0.012873091820460241,0.97,0.58,3.47,2.0,0.6818181818181818,0.027,0.4,Brute Force (Oracle),9.59,jaccard_distance
feature_2 > -1.159 AND feature_0 > -0.089 AND feature_0 > 0.846 AND feature_1 > 0.214 AND feature_7 <= -0.245 AND feature_7 > -0.637,4.956,1.0,-0.04,4.92,6,113,0.0113,0.0119072708113804,1.0,1.0,2.654,4.0,0.6310223266745005,0.0537,0.71,CT on D,0.09,overlap_coefficient
feature_2 > -1.159 AND feature_0 > -0.089 AND feature_0 > 0.846 AND feature_1 > 0.214 AND feature_7 <= -0.245,3.845,1.0,0.88,4.72,5,314,0.0314,0.033087460484720756,0.78,0.87,2.654,4.0,0.6310223266745005,0.0537,0.71,CT on D,0.09,overlap_coefficient
feature_2 <= -1.159 AND feature_0 > 0.499 AND feature_1 > 0.492,3.664,1.0,0.99,4.65,3,120,0.012,0.012644889357218124,0.74,0.84,2.623,3.0,0.6310223266745005,0.0537,0.7,CT on D,0.09,overlap_coefficient
feature_2 > -1.159 AND feature_0 > -0.089 AND feature_0 <= 0.846 AND feature_1 > 1.369 AND feature_3 <= -0.439,3.521,1.0,1.04,4.56,5,103,0.0103,0.010853530031612223,0.71,0.83,2.304,4.0,0.6310223266745005,0.0537,0.67,CT on D,0.09,overlap_coefficient
feature_2 > -1.159 AND feature_0 > -0.089 AND feature_0 > 0.846 AND feature_1 > 0.214 AND feature_7 <= -0.245 AND feature_7 <= -0.637,3.227,1.0,1.38,4.61,6,201,0.0201,0.021180189673340358,0.65,0.79,2.654,4.0,0.6310223266745005,0.0537,0.71,CT on D,0.09,overlap_coefficient
feature_2 > -0.997 AND feature_0 > -0.144 AND feature_0 > 1.265 AND feature_1 > 0.245 AND feature_7 <= -0.034,4.199,1.0,1.02,5.22,5,164,0.0164,0.017281348788198102,1.0,1.0,2.999,4.0,0.7464646464646465,0.0739,0.75,CT on P,0.25,overlap_coefficient
feature_5 > -1.389 AND feature_0 > 0.122 AND feature_1 > 0.259 AND feature_7 <= 0.246 AND feature_1 > 1.563,3.813,0.917,1.81,5.62,5,144,0.0144,0.016404647983595352,0.91,0.91,2.928,4.0,0.7464646464646465,0.0739,0.7,CT on P,0.25,overlap_coefficient
feature_2 > -0.997 AND feature_0 > -0.144 AND feature_0 > 1.265 AND feature_1 > 0.245,3.231,1.0,1.45,4.69,4,317,0.0317,0.03340358271865121,0.77,0.86,2.979,3.0,0.7464646464646465,0.0739,0.74,CT on P,0.25,overlap_coefficient
feature_2 <= -0.997 AND feature_0 > 0.499 AND feature_1 > 0.341,3.182,1.0,1.26,4.45,3,170,0.017,0.01791359325605901,0.76,0.85,2.539,3.0,0.7464646464646465,0.0739,0.69,CT on P,0.25,overlap_coefficient
feature_2 > -0.997 AND feature_0 > -0.144 AND feature_0 <= 1.265 AND feature_1 > 1.177 AND feature_8 > 0.239,3.092,1.0,1.38,4.47,5,195,0.0195,0.02054794520547945,0.74,0.84,2.287,4.0,0.7464646464646465,0.0739,0.66,CT on P,0.25,overlap_coefficient
feature_0 > -0.159 AND feature_1 > 1.049 AND feature_5 <= -1.38 AND feature_6 > -0.087,25.228,1.0,,,4,44,0.0044,0.004636459430979979,0.87,0.92,2.238,4.0,0.9642857142857143,0.0162,0.66,CF,1.12,overlap_coefficient
feature_0 <= -0.02 AND feature_1 > 1.647 AND feature_4 <= -0.55 AND feature_9 > -0.299,19.035,1.0,,,4,43,0.0043,0.004531085353003161,0.66,0.79,1.479,4.0,0.9642857142857143,0.0162,0.57,CF,1.12,overlap_coefficient
feature_0 > 0.766 AND feature_1 <= -1.204 AND feature_9 > 0.53 AND feature_2 <= -0.789,29.002,0.476,,,4,21,0.0021,0.0022128556375131717,1.0,0.79,1.518,4.0,0.9642857142857143,0.0162,0.37,CF,1.12,overlap_coefficient
feature_0 > -0.018 AND feature_2 <= -1.48 AND feature_5 <= -0.963 AND feature_9 > -0.041,14.982,0.833,,,4,30,0.003,0.003161222339304531,0.52,0.64,1.759,4.0,0.9642857142857143,0.0162,0.54,CF,1.12,overlap_coefficient
feature_0 > 0.31 AND feature_1 > 1.472 AND feature_9 > 0.206 AND feature_4 > 0.615,8.364,1.0,,,4,30,0.003,0.003161222339304531,0.29,0.57,3.14,4.0,0.9642857142857143,0.0162,0.76,CF,1.12,overlap_coefficient
feature_0 > 0.188 AND feature_1 > 0.963 AND feature_0 > 0.613 AND feature_1 > 1.289,2.639,1.0,,,4,263,0.0263,0.027713382507903055,1.0,1.0,3.044,2.0,0.400679117147708,0.0708,0.75,CF SingleTree,0.02,overlap_coefficient
feature_0 > 0.188 AND feature_1 > 0.963 AND feature_0 > 0.613,2.511,1.0,,,3,449,0.0449,0.047312961011591145,0.95,0.97,2.854,2.0,0.400679117147708,0.0708,0.73,CF SingleTree,0.02,overlap_coefficient
feature_0 > 0.188 AND feature_1 > 0.963 AND feature_0 > 0.613 AND feature_1 <= 1.289,2.331,1.0,,,4,186,0.0186,0.019599578503688094,0.88,0.93,2.587,2.0,0.400679117147708,0.0708,0.7,CF SingleTree,0.02,overlap_coefficient
feature_0 > 0.188 AND feature_1 > 0.963,2.317,1.0,,,2,708,0.0708,0.07460484720758694,0.88,0.93,2.564,2.0,0.400679117147708,0.0708,0.7,CF SingleTree,0.02,overlap_coefficient
feature_0 > 0.188 AND feature_1 > 0.963 AND feature_0 <= 0.613 AND feature_0 > 0.334,2.131,1.0,,,4,161,0.0161,0.01696522655426765,0.81,0.88,2.152,2.0,0.400679117147708,0.0708,0.65,CF SingleTree,0.02,overlap_coefficient
feature_0 > 2.34 AND feature_0 < 3.84 AND feature_1 > -0.48 AND feature_1 < 3.52,3.595,1.0,,,4,57,0.0057,0.006006322444678609,1.0,1.0,3.595,2.0,0.6818181818181818,0.027,0.81,Brute Force (Oracle),9.49,overlap_coefficient
feature_0 > 1.84 AND feature_0 < 3.34 AND feature_1 > 0.52,3.541,1.0,,,3,92,0.0092,0.00969441517386723,0.98,0.99,3.541,2.0,0.6818181818181818,0.027,0.81,Brute Force (Oracle),9.49,overlap_coefficient
feature_0 > 0.34 AND feature_0 < 3.84 AND feature_1 > 2.02,3.517,1.0,,,3,59,0.0059,0.006217070600632244,0.98,0.99,3.517,2.0,0.6818181818181818,0.027,0.81,Brute Force (Oracle),9.49,overlap_coefficient
feature_0 > 2.34 AND feature_0 < 3.84 AND feature_1 > -0.98 AND feature_1 < 3.02,3.488,1.0,,,4,75,0.0075,0.007903055848261328,0.97,0.98,3.488,2.0,0.6818181818181818,0.027,0.8,Brute Force (Oracle),9.49,overlap_coefficient
feature_0 > 1.34 AND feature_0 < 3.84 AND feature_1 > 1.02 AND feature_1 < 3.52,3.47,1.0,,,4,113,0.0113,0.0119072708113804,0.97,0.98,3.47,2.0,0.6818181818181818,0.027,0.8,Brute Force (Oracle),9.49,overlap_coefficient
feature_2 > -1.159 AND feature_0 > -0.089 AND feature_0 > 0.846 AND feature_1 > 0.214 AND feature_7 <= -0.245 AND feature_7 > -0.637,4.956,1.0,-0.04,4.92,6,113,0.0113,0.0119072708113804,1.0,1.0,2.654,4.0,0.6310223266745005,0.0537,0.71,CT on D,0.12,jaccard_distance
feature_2 > -1.159 AND feature_0 > -0.089 AND feature_0 > 0.846 AND feature_1 > 0.214 AND feature_7 <= -0.245,3.845,1.0,0.88,4.72,5,314,0.0314,0.033087460484720756,0.78,0.87,2.654,4.0,0.6310223266745005,0.0537,0.71,CT on D,0.12,jaccard_distance
feature_2 <= -1.159 AND feature_0 > 0.499 AND feature_1 > 0.492,3.664,1.0,0.99,4.65,3,120,0.012,0.012644889357218124,0.74,0.84,2.623,3.0,0.6310223266745005,0.0537,0.7,CT on D,0.12,jaccard_distance
feature_2 > -1.159 AND feature_0 > -0.089 AND feature_0 <= 0.846 AND feature_1 > 1.369 AND feature_3 <= -0.439,3.521,1.0,1.04,4.56,5,103,0.0103,0.010853530031612223,0.71,0.83,2.304,4.0,0.6310223266745005,0.0537,0.67,CT on D,0.12,jaccard_distance
feature_2 > -1.159 AND feature_0 > -0.089 AND feature_0 > 0.846 AND feature_1 > 0.214 AND feature_7 <= -0.245 AND feature_7 <= -0.637,3.227,1.0,1.38,4.61,6,201,0.0201,0.021180189673340358,0.65,0.79,2.654,4.0,0.6310223266745005,0.0537,0.71,CT on D,0.12,jaccard_distance
feature_2 > -0.997 AND feature_0 > -0.144 AND feature_0 > 1.265 AND feature_1 > 0.245 AND feature_7 <= -0.034,4.199,1.0,1.02,5.22,5,164,0.0164,0.017281348788198102,1.0,1.0,2.999,4.0,0.7464646464646465,0.0739,0.75,CT on P,0.33,jaccard_distance
feature_5 > -1.389 AND feature_0 > 0.122 AND feature_1 > 0.259 AND feature_7 <= 0.246 AND feature_1 > 1.563,3.813,0.917,1.81,5.62,5,144,0.0144,0.016404647983595352,0.91,0.91,2.928,4.0,0.7464646464646465,0.0739,0.7,CT on P,0.33,jaccard_distance
feature_2 > -0.997 AND feature_0 > -0.144 AND feature_0 > 1.265 AND feature_1 > 0.245,3.231,1.0,1.45,4.69,4,317,0.0317,0.03340358271865121,0.77,0.86,2.979,3.0,0.7464646464646465,0.0739,0.74,CT on P,0.33,jaccard_distance
feature_2 <= -0.997 AND feature_0 > 0.499 AND feature_1 > 0.341,3.182,1.0,1.26,4.45,3,170,0.017,0.01791359325605901,0.76,0.85,2.539,3.0,0.7464646464646465,0.0739,0.69,CT on P,0.33,jaccard_distance
feature_2 > -0.997 AND feature_0 > -0.144 AND feature_0 <= 1.265 AND feature_1 > 1.177 AND feature_8 > 0.239,3.092,1.0,1.38,4.47,5,195,0.0195,0.02054794520547945,0.74,0.84,2.287,4.0,0.7464646464646465,0.0739,0.66,CT on P,0.33,jaccard_distance
feature_0 > 0.766 AND feature_1 <= -1.204 AND feature_9 > 0.53 AND feature_2 <= -0.789,29.002,0.001,,,4,21,0.0021,0.0022128556375131717,1.0,0.6,1.518,4.0,0.5569007263922519,0.989,0.18,CF,0.92,jaccard_distance
feature_0 > -0.159 AND feature_1 > 1.049 AND feature_5 <= -1.38 AND feature_6 > -0.087,25.228,0.005,,,4,44,0.0044,0.004636459430979979,0.87,0.52,2.238,4.0,0.5569007263922519,0.989,0.26,CF,0.92,jaccard_distance
feature_0 <= -0.02 AND feature_1 > 1.647 AND feature_4 <= -0.55 AND feature_9 > -0.299,19.035,0.005,,,4,43,0.0043,0.004531085353003161,0.66,0.4,1.479,4.0,0.5569007263922519,0.989,0.17,CF,0.92,jaccard_distance
feature_0 <= 1.287,0.88,0.862,,,1,9026,0.9026,0.9511064278187565,0.03,0.36,0.609,1.0,0.5569007263922519,0.989,0.41,CF,0.92,jaccard_distance
feature_1 <= 1.094,0.746,0.811,,,1,8625,0.8625,0.9088514225500527,0.03,0.34,0.643,1.0,0.5569007263922519,0.989,0.4,CF,0.92,jaccard_distance
feature_0 > 0.188 AND feature_1 > 0.963 AND feature_0 > 0.613 AND feature_1 > 1.289,2.639,0.028,,,4,263,0.0263,0.027713382507903055,1.0,0.61,3.044,2.0,0.723103448275862,0.4194,0.36,CF SingleTree,0.02,jaccard_distance
feature_0 > 0.188 AND feature_1 > 0.963 AND feature_0 > 0.613,2.511,0.047,,,3,449,0.0449,0.047312961011591145,0.95,0.59,2.854,2.0,0.723103448275862,0.4194,0.35,CF SingleTree,0.02,jaccard_distance
feature_0 > 0.188 AND feature_1 > 0.963,2.317,0.075,,,2,708,0.0708,0.07460484720758694,0.88,0.56,2.564,2.0,0.723103448275862,0.4194,0.33,CF SingleTree,0.02,jaccard_distance
feature_0 > 0.188 AND feature_1 > 0.963 AND feature_0 > 0.613 AND feature_1 <= 1.289,2.331,0.02,,,4,186,0.0186,0.019599578503688094,0.88,0.54,2.587,2.0,0.723103448275862,0.4194,0.31,CF SingleTree,0.02,jaccard_distance
feature_0 > 0.188,1.641,0.409,,,1,4194,0.4194,0.44193888303477347,0.62,0.54,1.723,1.0,0.723103448275862,0.4194,0.36,CF SingleTree,0.02,jaccard_distance
feature_0 > 2.34 AND feature_0 < 3.84 AND feature_1 > -0.48 AND feature_1 < 3.52,3.595,0.006,,,4,57,0.0057,0.006006322444678609,1.0,0.6,3.595,2.0,0.6818181818181818,0.027,0.42,Brute Force (Oracle),9.59,jaccard_distance
feature_0 > 1.84 AND feature_0 < 3.84 AND feature_1 > 0.52 AND feature_1 < 3.02,3.541,0.01,,,4,92,0.0092,0.00969441517386723,0.98,0.59,3.541,2.0,0.6818181818181818,0.027,0.41,Brute Force (Oracle),9.59,jaccard_distance
feature_0 > 0.34 AND feature_0 < 3.84 AND feature_1 > 2.02,3.517,0.006,,,3,59,0.0059,0.006217070600632244,0.98,0.59,3.517,2.0,0.6818181818181818,0.027,0.41,Brute Force (Oracle),9.59,jaccard_distance
feature_0 > 2.34 AND feature_0 < 3.84 AND feature_1 > -0.98 AND feature_1 < 2.52,3.488,0.008,,,4,75,0.0075,0.007903055848261328,0.97,0.59,3.488,2.0,0.6818181818181818,0.027,0.41,Brute Force (Oracle),9.59,jaccard_distance
feature_0 > 1.34 AND feature_1 > 1.02,3.47,0.012,,,2,113,0.0113,0.0119072708113804,0.97,0.58,3.47,2.0,0.6818181818181818,0.027,0.4,Brute Force (Oracle),9.59,jaccard_distance
feature_2 > -1.159 AND feature_0 > -0.089 AND feature_0 > 0.846 AND feature_1 > 0.214 AND feature_7 <= -0.245 AND feature_7 > -0.637,4.956,1.0,-0.04,4.92,6,113,0.0113,0.0119072708113804,1.0,1.0,2.654,4.0,0.6310223266745005,0.0537,0.71,CT on D,0.14,overlap_coefficient
feature_2 > -1.159 AND feature_0 > -0.089 AND feature_0 > 0.846 AND feature_1 > 0.214 AND feature_7 <= -0.245,3.845,1.0,0.88,4.72,5,314,0.0314,0.033087460484720756,0.78,0.87,2.654,4.0,0.6310223266745005,0.0537,0.71,CT on D,0.14,overlap_coefficient
feature_2 <= -1.159 AND feature_0 > 0.499 AND feature_1 > 0.492,3.664,1.0,0.99,4.65,3,120,0.012,0.012644889357218124,0.74,0.84,2.623,3.0,0.6310223266745005,0.0537,0.7,CT on D,0.14,overlap_coefficient
feature_2 > -1.159 AND feature_0 > -0.089 AND feature_0 <= 0.846 AND feature_1 > 1.369 AND feature_3 <= -0.439,3.521,1.0,1.04,4.56,5,103,0.0103,0.010853530031612223,0.71,0.83,2.304,4.0,0.6310223266745005,0.0537,0.67,CT on D,0.14,overlap_coefficient
feature_2 > -1.159 AND feature_0 > -0.089 AND feature_0 > 0.846 AND feature_1 > 0.214 AND feature_7 <= -0.245 AND feature_7 <= -0.637,3.227,1.0,1.38,4.61,6,201,0.0201,0.021180189673340358,0.65,0.79,2.654,4.0,0.6310223266745005,0.0537,0.71,CT on D,0.14,overlap_coefficient
feature_2 > -0.997 AND feature_0 > -0.144 AND feature_0 > 1.265 AND feature_1 > 0.245 AND feature_7 <= -0.034,4.199,1.0,1.02,5.22,5,164,0.0164,0.017281348788198102,0.94,0.97,2.999,4.0,0.7464646464646465,0.0739,0.75,CT on P,0.36,overlap_coefficient
feature_5 > -1.389 AND feature_0 > 0.122 AND feature_1 > 0.259 AND feature_7 <= 0.246 AND feature_1 > 1.563,3.813,0.917,1.81,5.62,5,144,0.0144,0.016404647983595352,0.86,0.88,2.928,4.0,0.7464646464646465,0.0739,0.7,CT on P,0.36,overlap_coefficient
feature_2 > -0.997 AND feature_0 > -0.144 AND feature_0 > 1.265 AND feature_1 > 0.245,3.231,1.0,1.45,4.69,4,317,0.0317,0.03340358271865121,0.73,0.84,2.979,3.0,0.7464646464646465,0.0739,0.74,CT on P,0.36,overlap_coefficient
feature_2 <= -0.997 AND feature_0 > 0.499 AND feature_1 > 0.341,3.182,1.0,1.26,4.45,3,170,0.017,0.01791359325605901,0.72,0.83,2.539,3.0,0.7464646464646465,0.0739,0.69,CT on P,0.36,overlap_coefficient
feature_2 > -0.997 AND feature_0 > -0.144 AND feature_0 <= 1.265 AND feature_1 > 1.177 AND feature_8 > 0.239,3.092,1.0,1.38,4.47,5,195,0.0195,0.02054794520547945,0.7,0.82,2.287,4.0,0.7464646464646465,0.0739,0.66,CT on P,0.36,overlap_coefficient
feature_0 > 0.766 AND feature_1 <= -1.204 AND feature_9 > 0.53 AND feature_2 <= -0.789,29.002,0.667,,,4,21,0.0021,0.005731441048034935,1.0,0.87,1.518,4.0,0.9878048780487805,0.0162,0.44,CF,1.05,overlap_coefficient
feature_0 <= -0.02 AND feature_1 > 1.647 AND feature_4 <= -0.55 AND feature_9 > -0.299,19.035,1.0,,,4,43,0.0043,0.011735807860262008,0.66,0.79,1.479,4.0,0.9878048780487805,0.0162,0.57,CF,1.05,overlap_coefficient
feature_0 > -0.159 AND feature_1 > 1.049 AND feature_5 <= -1.38 AND feature_6 > -0.087,25.228,0.318,,,4,44,0.0044,0.012008733624454149,0.87,0.65,2.238,4.0,0.9878048780487805,0.0162,0.39,CF,1.05,overlap_coefficient
feature_0 > -0.95 AND feature_1 > 1.277 AND feature_0 > 1.178 AND feature_4 <= -0.359,6.443,1.0,,,4,34,0.0034,0.009279475982532752,0.22,0.53,3.498,3.0,0.9878048780487805,0.0162,0.8,CF,1.05,overlap_coefficient
feature_0 > 0.632 AND feature_5 > 1.239 AND feature_4 <= -0.723 AND feature_5 <= 1.562,6.079,1.0,,,4,22,0.0022,0.006004366812227074,0.21,0.53,1.889,3.0,0.9878048780487805,0.0162,0.62,CF,1.05,overlap_coefficient
feature_0 > 0.188 AND feature_1 > 0.963 AND feature_0 > 0.613 AND feature_1 > 1.289,2.639,0.338,,,4,263,0.0263,0.07177947598253274,1.0,0.74,3.044,2.0,0.400679117147708,0.0708,0.49,CF SingleTree,0.02,overlap_coefficient
feature_0 > 0.188 AND feature_1 > 0.963 AND feature_0 > 0.613,2.511,0.367,,,3,449,0.0449,0.12254366812227074,0.95,0.72,2.854,2.0,0.400679117147708,0.0708,0.48,CF SingleTree,0.02,overlap_coefficient
feature_0 > 0.188 AND feature_1 > 0.963 AND feature_0 > 0.613 AND feature_1 <= 1.289,2.331,0.409,,,4,186,0.0186,0.05076419213973799,0.88,0.69,2.587,2.0,0.400679117147708,0.0708,0.46,CF SingleTree,0.02,overlap_coefficient
feature_0 > 0.188 AND feature_1 > 0.963,2.317,0.386,,,2,708,0.0708,0.19323144104803494,0.88,0.68,2.564,2.0,0.400679117147708,0.0708,0.45,CF SingleTree,0.02,overlap_coefficient
feature_0 > 0.188 AND feature_1 > 0.963 AND feature_0 <= 0.613 AND feature_0 > 0.334,2.131,0.429,,,4,161,0.0161,0.043941048034934496,0.81,0.66,2.152,2.0,0.400679117147708,0.0708,0.42,CF SingleTree,0.02,overlap_coefficient
feature_0 > 2.34 AND feature_0 < 3.84 AND feature_1 > -0.48 AND feature_1 < 3.52,3.595,0.386,,,4,57,0.0057,0.015556768558951965,1.0,0.75,3.595,2.0,0.44527363184079605,0.0179,0.57,Brute Force (Oracle),8.66,overlap_coefficient
feature_0 > 1.34 AND feature_0 < 3.34 AND feature_1 > 1.02,3.47,0.425,,,3,113,0.0113,0.03084061135371179,0.97,0.75,3.47,2.0,0.44527363184079605,0.0179,0.57,Brute Force (Oracle),8.66,overlap_coefficient
feature_0 > 1.34 AND feature_0 < 2.34 AND feature_1 > 1.02 AND feature_1 < 2.02,3.266,0.478,,,4,90,0.009,0.024563318777292575,0.91,0.74,3.266,2.0,0.44527363184079605,0.0179,0.57,Brute Force (Oracle),8.66,overlap_coefficient
feature_0 > 1.34 AND feature_0 < 3.34 AND feature_1 > 1.02 AND feature_1 < 1.52,3.218,0.478,,,4,67,0.0067,0.018286026200873363,0.9,0.73,3.218,2.0,0.44527363184079605,0.0179,0.56,Brute Force (Oracle),8.66,overlap_coefficient
feature_0 > 2.34 AND feature_1 > -0.98,3.488,0.36,,,2,75,0.0075,0.02046943231441048,0.97,0.73,3.488,2.0,0.44527363184079605,0.0179,0.55,Brute Force (Oracle),8.66,overlap_coefficient
feature_2 > -1.159 AND feature_0 > -0.089 AND feature_0 > 0.846 AND feature_1 > 0.214 AND feature_7 <= -0.245 AND feature_7 > -0.637,4.956,1.0,-0.04,4.92,6,113,0.0113,0.0119072708113804,1.0,1.0,2.654,4.0,0.6310223266745005,0.0537,0.71,CT on D,0.17,jaccard_distance
feature_2 > -1.159 AND feature_0 > -0.089 AND feature_0 > 0.846 AND feature_1 > 0.214 AND feature_7 <= -0.245,3.845,1.0,0.88,4.72,5,314,0.0314,0.033087460484720756,0.78,0.87,2.654,4.0,0.6310223266745005,0.0537,0.71,CT on D,0.17,jaccard_distance
feature_2 <= -1.159 AND feature_0 > 0.499 AND feature_1 > 0.492,3.664,1.0,0.99,4.65,3,120,0.012,0.012644889357218124,0.74,0.84,2.623,3.0,0.6310223266745005,0.0537,0.7,CT on D,0.17,jaccard_distance
feature_2 > -1.159 AND feature_0 > -0.089 AND feature_0 <= 0.846 AND feature_1 > 1.369 AND feature_3 <= -0.439,3.521,1.0,1.04,4.56,5,103,0.0103,0.010853530031612223,0.71,0.83,2.304,4.0,0.6310223266745005,0.0537,0.67,CT on D,0.17,jaccard_distance
feature_2 > -1.159 AND feature_0 > -0.089 AND feature_0 > 0.846 AND feature_1 > 0.214 AND feature_7 <= -0.245 AND feature_7 <= -0.637,3.227,1.0,1.38,4.61,6,201,0.0201,0.021180189673340358,0.65,0.79,2.654,4.0,0.6310223266745005,0.0537,0.71,CT on D,0.17,jaccard_distance
feature_2 > -0.997 AND feature_0 > -0.144 AND feature_0 > 1.265 AND feature_1 > 0.245 AND feature_7 <= -0.034,4.199,1.0,1.02,5.22,5,164,0.0164,0.017281348788198102,0.94,0.97,2.999,4.0,0.7464646464646465,0.0739,0.75,CT on P,0.39999999999999997,jaccard_distance
feature_5 > -1.389 AND feature_0 > 0.122 AND feature_1 > 0.259 AND feature_7 <= 0.246 AND feature_1 > 1.563,3.813,0.917,1.81,5.62,5,144,0.0144,0.016404647983595352,0.86,0.88,2.928,4.0,0.7464646464646465,0.0739,0.7,CT on P,0.39999999999999997,jaccard_distance
feature_2 > -0.997 AND feature_0 > -0.144 AND feature_0 > 1.265 AND feature_1 > 0.245,3.231,1.0,1.45,4.69,4,317,0.0317,0.03340358271865121,0.73,0.84,2.979,3.0,0.7464646464646465,0.0739,0.74,CT on P,0.39999999999999997,jaccard_distance
feature_2 <= -0.997 AND feature_0 > 0.499 AND feature_1 > 0.341,3.182,1.0,1.26,4.45,3,170,0.017,0.01791359325605901,0.72,0.83,2.539,3.0,0.7464646464646465,0.0739,0.69,CT on P,0.39999999999999997,jaccard_distance
feature_2 > -0.997 AND feature_0 > -0.144 AND feature_0 <= 1.265 AND feature_1 > 1.177 AND feature_8 > 0.239,3.092,1.0,1.38,4.47,5,195,0.0195,0.02054794520547945,0.7,0.82,2.287,4.0,0.7464646464646465,0.0739,0.66,CT on P,0.39999999999999997,jaccard_distance
feature_0 > 0.766 AND feature_1 <= -1.204 AND feature_9 > 0.53 AND feature_2 <= -0.789,29.002,0.004,,,4,21,0.0021,0.005731441048034935,1.0,0.6,1.518,4.0,0.9771428571428571,0.0171,0.18,CF,1.07,jaccard_distance
feature_0 > -0.159 AND feature_1 > 1.049 AND feature_5 <= -1.38 AND feature_6 > -0.087,25.228,0.004,,,4,44,0.0044,0.012008733624454149,0.87,0.52,2.238,4.0,0.9771428571428571,0.0171,0.26,CF,1.07,jaccard_distance
feature_0 <= -0.02 AND feature_1 > 1.647 AND feature_4 <= -0.55 AND feature_9 > -0.299,19.035,0.012,,,4,43,0.0043,0.011735807860262008,0.66,0.4,1.479,4.0,0.9771428571428571,0.0171,0.18,CF,1.07,jaccard_distance
feature_0 > -0.018 AND feature_2 <= -1.48 AND feature_5 <= -0.963 AND feature_9 > -0.041,14.982,0.003,,,4,30,0.003,0.008187772925764192,0.52,0.31,1.759,4.0,0.9771428571428571,0.0171,0.2,CF,1.07,jaccard_distance
feature_0 <= 0.31 AND feature_1 <= -1.419 AND feature_0 <= -1.65,10.764,0.003,,,3,37,0.0037,0.01009825327510917,0.37,0.22,1.917,2.0,0.9771428571428571,0.0171,0.22,CF,1.07,jaccard_distance
feature_0 > 0.188 AND feature_1 > 0.963 AND feature_0 > 0.613 AND feature_1 > 1.289,2.639,0.023,,,4,263,0.0263,0.07177947598253274,1.0,0.61,3.044,2.0,0.400679117147708,0.0708,0.36,CF SingleTree,0.02,jaccard_distance
feature_0 > 0.188 AND feature_1 > 0.963 AND feature_0 > 0.613,2.511,0.042,,,3,449,0.0449,0.12254366812227074,0.95,0.59,2.854,2.0,0.400679117147708,0.0708,0.35,CF SingleTree,0.02,jaccard_distance
feature_0 > 0.188 AND feature_1 > 0.963,2.317,0.067,,,2,708,0.0708,0.19323144104803494,0.88,0.55,2.564,2.0,0.400679117147708,0.0708,0.32,CF SingleTree,0.02,jaccard_distance
feature_0 > 0.188 AND feature_1 > 0.963 AND feature_0 > 0.613 AND feature_1 <= 1.289,2.331,0.02,,,4,186,0.0186,0.05076419213973799,0.88,0.54,2.587,2.0,0.400679117147708,0.0708,0.31,CF SingleTree,0.02,jaccard_distance
feature_0 > 0.188 AND feature_1 > 0.963 AND feature_0 <= 0.613 AND feature_0 > 0.334,2.131,0.018,,,4,161,0.0161,0.043941048034934496,0.81,0.49,2.152,2.0,0.400679117147708,0.0708,0.26,CF SingleTree,0.02,jaccard_distance
feature_0 > 2.34 AND feature_0 < 3.84 AND feature_1 > -0.48 AND feature_1 < 3.52,3.595,0.006,,,4,57,0.0057,0.015556768558951965,1.0,0.6,3.595,2.0,0.6818181818181818,0.027,0.42,Brute Force (Oracle),8.63,jaccard_distance
feature_0 > 1.84 AND feature_0 < 3.34 AND feature_1 > 0.52 AND feature_1 < 3.52,3.541,0.008,,,4,92,0.0092,0.025109170305676855,0.98,0.59,3.541,2.0,0.6818181818181818,0.027,0.41,Brute Force (Oracle),8.63,jaccard_distance
feature_0 > 0.34 AND feature_1 > 2.02,3.517,0.005,,,2,59,0.0059,0.016102620087336244,0.98,0.59,3.517,2.0,0.6818181818181818,0.027,0.41,Brute Force (Oracle),8.63,jaccard_distance
feature_0 > 2.34 AND feature_1 > -0.98 AND feature_1 < 3.02,3.488,0.007,,,3,75,0.0075,0.02046943231441048,0.97,0.58,3.488,2.0,0.6818181818181818,0.027,0.4,Brute Force (Oracle),8.63,jaccard_distance
feature_0 > 1.34 AND feature_1 > 1.02,3.47,0.013,,,2,113,0.0113,0.03084061135371179,0.97,0.58,3.47,2.0,0.6818181818181818,0.027,0.4,Brute Force (Oracle),8.63,jaccard_distance
feature_8 <= 0.311 AND feature_0 <= 2.014 AND feature_0 > -0.368 AND feature_1 > 0.5 AND feature_5 > 0.379 AND feature_0 > 0.691,3.998,0.794,1.25,5.25,6,160,0.016,0.0187419468197259,1.0,0.92,2.597,4.0,0.8464491362763915,0.0882,0.59,CT on D,0.03,overlap_coefficient
feature_8 > 0.311 AND feature_2 <= 0.484 AND feature_3 <= 0.576 AND feature_4 > -1.572 AND feature_0 > -0.122 AND feature_1 > 1.181,3.51,0.814,0.73,4.24,6,113,0.0113,0.013236499941431416,0.88,0.85,2.531,6.0,0.8464491362763915,0.0882,0.59,CT on D,0.03,overlap_coefficient
feature_8 <= 0.311 AND feature_0 <= 2.014 AND feature_0 > -0.368 AND feature_1 > 0.5 AND feature_5 <= 0.379 AND feature_5 <= -0.867,3.077,0.846,0.69,3.76,6,228,0.0228,0.026707274218109405,0.77,0.8,1.956,4.0,0.8464491362763915,0.0882,0.54,CT on D,0.03,overlap_coefficient
feature_8 <= 0.311 AND feature_0 <= 2.014 AND feature_0 > -0.368 AND feature_1 > 0.5 AND feature_5 > 0.379,3.089,0.833,0.82,3.91,5,414,0.0414,0.04849478739604077,0.77,0.8,1.982,4.0,0.8464491362763915,0.0882,0.54,CT on D,0.03,overlap_coefficient
feature_8 <= 0.311 AND feature_0 > 2.014,2.922,0.866,1.5,4.42,2,127,0.0127,0.014876420288157432,0.73,0.78,3.203,2.0,0.8464491362763915,0.0882,0.68,CT on D,0.03,overlap_coefficient
feature_8 > 0.372 AND feature_2 <= 0.484 AND feature_3 <= 0.576 AND feature_4 > -1.477 AND feature_0 > -0.7 AND feature_1 > 1.148,3.167,0.792,0.79,3.96,6,154,0.0154,0.018039123813986178,1.0,0.92,2.209,6.0,0.6119190191046479,0.2146,0.55,CT on P,0.09,overlap_coefficient
feature_8 <= 0.372 AND feature_0 > -1.747 AND feature_0 > -0.333 AND feature_1 > 0.535 AND feature_4 > -1.176 AND feature_9 > -0.991,2.924,0.837,1.1,4.02,6,906,0.0906,0.1061262738666979,0.92,0.89,2.078,5.0,0.6119190191046479,0.2146,0.55,CT on P,0.09,overlap_coefficient
feature_8 <= 0.372 AND feature_0 > -1.747 AND feature_0 > -0.333 AND feature_1 <= 0.535 AND feature_0 > 0.97 AND feature_7 <= 0.289,2.657,0.87,0.68,3.33,6,455,0.0455,0.053297411268595524,0.84,0.85,2.034,4.0,0.6119190191046479,0.2146,0.56,CT on P,0.09,overlap_coefficient
feature_8 <= 0.372 AND feature_0 > -1.747 AND feature_0 > -0.333 AND feature_1 > 0.535,2.582,0.838,1.15,3.74,4,1223,0.1223,0.14325875600327984,0.82,0.82,2.077,3.0,0.6119190191046479,0.2146,0.55,CT on P,0.09,overlap_coefficient
feature_8 <= 0.372 AND feature_0 > -1.747 AND feature_0 > -0.333 AND feature_1 <= 0.535 AND feature_0 > 0.97,2.143,0.861,0.83,2.98,5,769,0.0769,0.0900784819023076,0.68,0.75,2.041,3.0,0.6119190191046479,0.2146,0.56,CT on P,0.09,overlap_coefficient
feature_0 <= -0.694 AND feature_2 > 1.464 AND feature_2 <= 2.151 AND feature_1 > 0.276,13.823,0.925,,,4,53,0.0053,0.006208269884034204,0.81,0.85,0.097,3.0,0.9875776397515528,0.0159,0.38,CF,1.21,overlap_coefficient
feature_0 <= 0.665 AND feature_4 > 0.958 AND feature_3 <= -0.507 AND feature_1 > 1.494,17.17,0.516,,,4,31,0.0031,0.003631252196321893,1.0,0.81,1.612,4.0,0.9875776397515528,0.0159,0.38,CF,1.21,overlap_coefficient
feature_0 > -0.69 AND feature_5 <= -1.473 AND feature_5 > -2.141 AND feature_8 > 1.754,12.232,0.87,,,4,23,0.0023,0.002694154855335598,0.71,0.78,1.376,3.0,0.9875776397515528,0.0159,0.49,CF,1.21,overlap_coefficient
feature_0 > -0.65 AND feature_4 > 1.614 AND feature_6 > 0.12 AND feature_2 > 0.892,8.762,0.897,,,4,29,0.0029,0.0033969778610753194,0.51,0.66,1.424,4.0,0.9875776397515528,0.0159,0.51,CF,1.21,overlap_coefficient
feature_0 > -0.65 AND feature_4 > 1.614 AND feature_6 <= 0.12 AND feature_3 > 1.214,7.35,1.0,,,4,25,0.0025,0.0029284291905821718,0.43,0.66,1.397,4.0,0.9875776397515528,0.0159,0.55,CF,1.21,overlap_coefficient
feature_0 > -0.291 AND feature_0 > 0.394 AND feature_1 > 0.474 AND feature_1 > 1.124,2.169,0.851,,,4,464,0.0464,0.05435164577720511,1.0,0.94,2.899,2.0,0.5093727977448907,0.3614,0.65,CF SingleTree,0.02,overlap_coefficient
feature_0 > -0.291 AND feature_0 > 0.394 AND feature_1 > 0.474,2.003,0.861,,,3,1171,0.1171,0.13716762328686893,0.92,0.9,2.47,2.0,0.5093727977448907,0.3614,0.6,CF SingleTree,0.02,overlap_coefficient
feature_0 > -0.291 AND feature_0 > 0.394 AND feature_1 > 0.474 AND feature_1 <= 1.124,1.894,0.867,,,4,707,0.0707,0.08281597750966381,0.87,0.87,2.189,2.0,0.5093727977448907,0.3614,0.58,CF SingleTree,0.02,overlap_coefficient
feature_0 > -0.291 AND feature_0 > 0.394 AND feature_1 <= 0.474 AND feature_0 > 0.991,1.638,0.862,,,4,1139,0.1139,0.13341923392292374,0.76,0.8,2.027,2.0,0.5093727977448907,0.3614,0.56,CF SingleTree,0.02,overlap_coefficient
feature_0 > -0.291 AND feature_0 > 0.394,1.628,0.86,,,2,3614,0.3614,0.4233337237905587,0.75,0.79,1.865,1.0,0.5093727977448907,0.3614,0.54,CF SingleTree,0.02,overlap_coefficient
feature_0 > 1.84 AND feature_1 > 0.94 AND feature_1 < 3.44,3.988,0.867,,,3,60,0.006,0.007028230057397212,1.0,0.95,3.988,2.0,0.4852459016393443,0.0148,0.77,Brute Force (Oracle),6.65,overlap_coefficient
feature_0 > 1.34 AND feature_1 > 1.44,3.871,0.905,,,2,74,0.0074,0.00866815040412323,0.97,0.94,3.871,2.0,0.4852459016393443,0.0148,0.77,Brute Force (Oracle),6.65,overlap_coefficient
feature_0 > 1.34 AND feature_1 > 1.44 AND feature_1 < 1.94,3.747,0.942,,,3,52,0.0052,0.0060911327164109175,0.94,0.94,3.747,2.0,0.4852459016393443,0.0148,0.77,Brute Force (Oracle),6.65,overlap_coefficient
feature_0 > 2.34 AND feature_1 > -0.56 AND feature_1 < 2.44,3.756,0.877,,,3,65,0.0065,0.0076139158955136465,0.94,0.92,3.756,2.0,0.4852459016393443,0.0148,0.75,Brute Force (Oracle),6.65,overlap_coefficient
feature_0 > 1.34 AND feature_0 < 2.34 AND feature_1 > 1.44 AND feature_1 < 2.44,3.603,0.926,,,4,54,0.0054,0.006325407051657491,0.9,0.91,3.603,2.0,0.4852459016393443,0.0148,0.75,Brute Force (Oracle),6.65,overlap_coefficient
feature_8 <= 0.311 AND feature_0 <= 2.014 AND feature_0 > -0.368 AND feature_1 > 0.5 AND feature_5 > 0.379 AND feature_0 > 0.691,3.998,0.794,1.25,5.25,6,160,0.016,0.0187419468197259,1.0,0.92,2.597,4.0,0.8464491362763915,0.0882,0.59,CT on D,0.05,jaccard_distance
feature_8 > 0.311 AND feature_2 <= 0.484 AND feature_3 <= 0.576 AND feature_4 > -1.572 AND feature_0 > -0.122 AND feature_1 > 1.181,3.51,0.814,0.73,4.24,6,113,0.0113,0.013236499941431416,0.88,0.85,2.531,6.0,0.8464491362763915,0.0882,0.59,CT on D,0.05,jaccard_distance
feature_8 <= 0.311 AND feature_0 <= 2.014 AND feature_0 > -0.368 AND feature_1 > 0.5 AND feature_5 <= 0.379 AND feature_5 <= -0.867,3.077,0.846,0.69,3.76,6,228,0.0228,0.026707274218109405,0.77,0.8,1.956,4.0,0.8464491362763915,0.0882,0.54,CT on D,0.05,jaccard_distance
feature_8 <= 0.311 AND feature_0 <= 2.014 AND feature_0 > -0.368 AND feature_1 > 0.5 AND feature_5 > 0.379,3.089,0.833,0.82,3.91,5,414,0.0414,0.04849478739604077,0.77,0.8,1.982,4.0,0.8464491362763915,0.0882,0.54,CT on D,0.05,jaccard_distance
feature_8 <= 0.311 AND feature_0 > 2.014,2.922,0.866,1.5,4.42,2,127,0.0127,0.014876420288157432,0.73,0.78,3.203,2.0,0.8464491362763915,0.0882,0.68,CT on D,0.05,jaccard_distance
feature_8 > 0.372 AND feature_2 <= 0.484 AND feature_3 <= 0.576 AND feature_4 > -1.477 AND feature_0 > -0.7 AND feature_1 > 1.148,3.167,0.792,0.79,3.96,6,154,0.0154,0.018039123813986178,1.0,0.92,2.209,6.0,0.6119190191046479,0.2146,0.55,CT on P,0.17,jaccard_distance
feature_8 <= 0.372 AND feature_0 > -1.747 AND feature_0 > -0.333 AND feature_1 > 0.535 AND feature_4 > -1.176 AND feature_9 > -0.991,2.924,0.837,1.1,4.02,6,906,0.0906,0.1061262738666979,0.92,0.89,2.078,5.0,0.6119190191046479,0.2146,0.55,CT on P,0.17,jaccard_distance
feature_8 <= 0.372 AND feature_0 > -1.747 AND feature_0 > -0.333 AND feature_1 <= 0.535 AND feature_0 > 0.97 AND feature_7 <= 0.289,2.657,0.87,0.68,3.33,6,455,0.0455,0.053297411268595524,0.84,0.85,2.034,4.0,0.6119190191046479,0.2146,0.56,CT on P,0.17,jaccard_distance
feature_8 <= 0.372 AND feature_0 > -1.747 AND feature_0 > -0.333 AND feature_1 > 0.535,2.582,0.838,1.15,3.74,4,1223,0.1223,0.14325875600327984,0.82,0.82,2.077,3.0,0.6119190191046479,0.2146,0.55,CT on P,0.17,jaccard_distance
feature_8 <= 0.372 AND feature_0 > -1.747 AND feature_0 > -0.333 AND feature_1 <= 0.535 AND feature_0 > 0.97,2.143,0.861,0.83,2.98,5,769,0.0769,0.0900784819023076,0.68,0.75,2.041,3.0,0.6119190191046479,0.2146,0.56,CT on P,0.17,jaccard_distance
feature_0 <= 0.665 AND feature_4 > 0.958 AND feature_3 <= -0.507 AND feature_1 > 1.494,17.17,0.002,,,4,31,0.0031,0.003631252196321893,1.0,0.6,1.612,4.0,0.9875496404422024,0.9201,0.17,CF,1.24,jaccard_distance
feature_0 <= -0.694 AND feature_2 > 1.464 AND feature_2 <= 2.151 AND feature_1 > 0.276,13.823,0.006,,,4,53,0.0053,0.006208269884034204,0.81,0.49,0.097,3.0,0.9875496404422024,0.9201,0.01,CF,1.24,jaccard_distance
feature_0 <= -0.142 AND feature_1 <= -0.75 AND feature_3 <= -1.575 AND feature_8 > 0.528,13.598,0.0,,,4,19,0.0019,0.0022256061848424506,0.79,0.48,0.799,4.0,0.9875496404422024,0.9201,0.08,CF,1.24,jaccard_distance
feature_0 > -0.69 AND feature_5 <= -1.473 AND feature_5 > -2.141 AND feature_8 > 1.754,12.232,0.002,,,4,23,0.0023,0.002694154855335598,0.71,0.43,1.376,3.0,0.9875496404422024,0.9201,0.15,CF,1.24,jaccard_distance
feature_1 > -1.373,0.891,0.794,,,1,9191,0.9191,1.0766077076256295,0.05,0.35,0.885,1.0,0.9875496404422024,0.9201,0.41,CF,1.24,jaccard_distance
feature_0 > -0.291 AND feature_0 > 0.394 AND feature_1 > 0.474 AND feature_1 > 1.124,2.169,0.046,,,4,464,0.0464,0.05435164577720511,1.0,0.62,2.899,2.0,0.5088240145142668,0.617,0.32,CF SingleTree,0.02,jaccard_distance
feature_0 > -0.291,1.371,0.559,,,1,6170,0.617,0.72273632423568,0.63,0.6,1.454,1.0,0.5088240145142668,0.617,0.38,CF SingleTree,0.02,jaccard_distance
feature_0 > -0.291 AND feature_0 > 0.394 AND feature_1 > 0.474,2.003,0.116,,,3,1171,0.1171,0.13716762328686893,0.92,0.6,2.47,2.0,0.5088240145142668,0.617,0.31,CF SingleTree,0.02,jaccard_distance
feature_0 > -0.291 AND feature_0 > 0.394,1.628,0.344,,,2,3614,0.3614,0.4233337237905587,0.75,0.59,1.865,1.0,0.5088240145142668,0.617,0.33,CF SingleTree,0.02,jaccard_distance
feature_0 > -0.291 AND feature_0 > 0.394 AND feature_1 > 0.474 AND feature_1 <= 1.124,1.894,0.071,,,4,707,0.0707,0.08281597750966381,0.87,0.55,2.189,2.0,0.5088240145142668,0.617,0.26,CF SingleTree,0.02,jaccard_distance
feature_0 > 1.84 AND feature_1 > 0.94 AND feature_1 < 2.94,3.988,0.006,,,3,60,0.006,0.007028230057397212,1.0,0.6,3.988,2.0,0.5895765472312704,0.0181,0.42,Brute Force (Oracle),6.84,jaccard_distance
feature_0 > 1.34 AND feature_1 > 1.44,3.871,0.008,,,2,74,0.0074,0.00866815040412323,0.97,0.59,3.871,2.0,0.5895765472312704,0.0181,0.41,Brute Force (Oracle),6.84,jaccard_distance
feature_0 > 0.84 AND feature_0 < 2.84 AND feature_1 > 1.94,3.822,0.005,,,3,55,0.0055,0.006442544219280778,0.96,0.58,3.822,2.0,0.5895765472312704,0.0181,0.4,Brute Force (Oracle),6.84,jaccard_distance
feature_0 > 2.34 AND feature_1 > -0.56 AND feature_1 < 3.44,3.785,0.007,,,3,66,0.0066,0.007731053063136933,0.95,0.57,3.785,2.0,0.5895765472312704,0.0181,0.4,Brute Force (Oracle),6.84,jaccard_distance
feature_0 > 1.34 AND feature_1 > 1.44 AND feature_1 < 1.94,3.747,0.006,,,3,52,0.0052,0.0060911327164109175,0.94,0.57,3.747,2.0,0.5895765472312704,0.0181,0.4,Brute Force (Oracle),6.84,jaccard_distance
feature_8 <= 0.311 AND feature_0 <= 2.014 AND feature_0 > -0.368 AND feature_1 > 0.5 AND feature_5 > 0.379 AND feature_0 > 0.691,3.998,0.794,1.25,5.25,6,160,0.016,0.0187419468197259,1.0,0.92,2.597,4.0,0.8464491362763915,0.0882,0.59,CT on D,0.06999999999999999,overlap_coefficient
feature_8 <= 0.311 AND feature_0 <= 2.014 AND feature_0 > -0.368 AND feature_1 > 0.5 AND feature_5 <= 0.379 AND feature_5 <= -0.867,3.077,1.0,0.69,3.76,6,228,0.0228,0.02961038961038961,0.77,0.86,1.956,4.0,0.8464491362763915,0.0882,0.61,CT on D,0.06999999999999999,overlap_coefficient
feature_8 > 0.311 AND feature_2 <= 0.484 AND feature_3 <= 0.576 AND feature_4 > -1.572 AND feature_0 > -0.122 AND feature_1 > 1.181,3.51,0.814,0.73,4.24,6,113,0.0113,0.013236499941431416,0.88,0.85,2.531,6.0,0.8464491362763915,0.0882,0.59,CT on D,0.06999999999999999,overlap_coefficient
feature_8 <= 0.311 AND feature_0 <= 2.014 AND feature_0 > -0.368 AND feature_1 > 0.5 AND feature_5 > 0.379,3.089,0.833,0.82,3.91,5,414,0.0414,0.04849478739604077,0.77,0.8,1.982,4.0,0.8464491362763915,0.0882,0.54,CT on D,0.06999999999999999,overlap_coefficient
feature_8 <= 0.311 AND feature_0 > 2.014,2.922,0.866,1.5,4.42,2,127,0.0127,0.014876420288157432,0.73,0.78,3.203,2.0,0.8464491362763915,0.0882,0.68,CT on D,0.06999999999999999,overlap_coefficient
feature_8 > 0.372 AND feature_2 <= 0.484 AND feature_3 <= 0.576 AND feature_4 > -1.477 AND feature_0 > -0.7 AND feature_1 > 1.148,3.167,0.792,0.79,3.96,6,154,0.0154,0.018039123813986178,1.0,0.92,2.209,6.0,0.7090265486725664,0.2003,0.55,CT on P,0.25,overlap_coefficient
feature_8 <= 0.372 AND feature_0 > -1.747 AND feature_0 > -0.333 AND feature_1 > 0.535 AND feature_4 > -1.176 AND feature_9 > -0.991,2.924,0.837,1.1,4.02,6,906,0.0906,0.1061262738666979,0.92,0.89,2.078,5.0,0.7090265486725664,0.2003,0.55,CT on P,0.25,overlap_coefficient
feature_8 > 0.311 AND feature_2 <= 0.483 AND feature_3 <= 0.515 AND feature_8 <= 1.857 AND feature_0 > -0.067 AND feature_1 > 0.2,2.941,0.756,0.59,3.53,6,397,0.0397,0.05155844155844156,0.93,0.86,1.993,5.0,0.7090265486725664,0.2003,0.51,CT on P,0.25,overlap_coefficient
feature_8 <= 0.372 AND feature_0 > -1.747 AND feature_0 > -0.333 AND feature_1 <= 0.535 AND feature_0 > 0.97 AND feature_7 <= 0.289,2.657,0.87,0.68,3.33,6,455,0.0455,0.053297411268595524,0.84,0.85,2.034,4.0,0.7090265486725664,0.2003,0.56,CT on P,0.25,overlap_coefficient
feature_8 <= 0.311 AND feature_0 <= 1.741 AND feature_0 > -0.384 AND feature_1 > 0.481 AND feature_4 > -1.044 AND feature_3 <= 1.135,2.862,0.758,0.65,3.51,6,913,0.0913,0.11857142857142858,0.9,0.85,1.906,5.0,0.7090265486725664,0.2003,0.5,CT on P,0.25,overlap_coefficient
feature_0 <= 0.665 AND feature_4 > 0.958 AND feature_3 <= -0.507 AND feature_1 > 1.494,17.17,0.871,,,4,31,0.0031,0.004025974025974026,1.0,0.95,1.612,4.0,0.9935064935064936,0.0153,0.52,CF,1.26,overlap_coefficient
feature_0 > -0.69 AND feature_5 <= -1.473 AND feature_5 > -2.141 AND feature_8 > 1.754,12.232,1.0,,,4,23,0.0023,0.0029870129870129872,0.71,0.83,1.376,3.0,0.9935064935064936,0.0153,0.54,CF,1.26,overlap_coefficient
feature_0 <= -0.694 AND feature_2 > 1.464 AND feature_2 <= 2.151 AND feature_1 > 0.276,13.823,0.83,,,4,53,0.0053,0.006883116883116883,0.81,0.82,0.097,3.0,0.9935064935064936,0.0153,0.34,CF,1.26,overlap_coefficient
feature_0 <= -0.142 AND feature_1 <= -0.75 AND feature_3 <= -1.575 AND feature_8 > 0.528,13.598,0.789,,,4,19,0.0019,0.0024675324675324677,0.79,0.79,0.799,4.0,0.9935064935064936,0.0153,0.4,CF,1.26,overlap_coefficient
feature_0 > 0.419 AND feature_1 > 0.761 AND feature_4 <= -1.456 AND feature_1 <= 1.357,9.562,0.786,,,4,28,0.0028,0.0036363636363636364,0.56,0.65,2.392,3.0,0.9935064935064936,0.0153,0.57,CF,1.26,overlap_coefficient
feature_0 > -0.291 AND feature_0 > 0.394 AND feature_1 > 0.474 AND feature_1 > 1.124,2.169,0.761,,,4,464,0.0464,0.06025974025974026,1.0,0.9,2.899,2.0,0.6271294379875816,0.3939,0.61,CF SingleTree,0.02,overlap_coefficient
feature_0 > -0.291 AND feature_0 > 0.394 AND feature_1 > 0.474,2.003,0.766,,,3,1171,0.1171,0.1520779220779221,0.92,0.86,2.47,2.0,0.6271294379875816,0.3939,0.57,CF SingleTree,0.02,overlap_coefficient
feature_0 > -0.291 AND feature_0 > 0.394 AND feature_1 > 0.474 AND feature_1 <= 1.124,1.894,0.769,,,4,707,0.0707,0.09181818181818181,0.87,0.83,2.189,2.0,0.6271294379875816,0.3939,0.54,CF SingleTree,0.02,overlap_coefficient
feature_0 > -0.291 AND feature_0 <= 0.394 AND feature_1 > 0.703 AND feature_0 > 0.037,1.644,0.76,,,4,325,0.0325,0.04220779220779221,0.76,0.76,1.788,2.0,0.6271294379875816,0.3939,0.49,CF SingleTree,0.02,overlap_coefficient
feature_0 > -0.291 AND feature_0 > 0.394,1.628,0.766,,,2,3614,0.3614,0.46935064935064935,0.75,0.76,1.865,1.0,0.6271294379875816,0.3939,0.5,CF SingleTree,0.02,overlap_coefficient
feature_0 > 0.84 AND feature_1 > 1.94 AND feature_1 < 2.94,3.795,0.824,,,3,51,0.0051,0.006623376623376623,0.95,0.9,3.795,2.0,0.5841584158415841,0.0177,0.73,Brute Force (Oracle),7.0,overlap_coefficient
feature_0 > 1.34 AND feature_1 > 1.44 AND feature_1 < 3.44,3.871,0.77,,,3,74,0.0074,0.00961038961038961,0.97,0.89,3.871,2.0,0.5841584158415841,0.0177,0.72,Brute Force (Oracle),7.0,overlap_coefficient
feature_0 > 1.84 AND feature_1 > 0.94,3.988,0.7,,,2,60,0.006,0.007792207792207792,1.0,0.88,3.988,2.0,0.5841584158415841,0.0177,0.7,Brute Force (Oracle),7.0,overlap_coefficient
feature_0 > 2.34 AND feature_1 > -0.56,3.785,0.742,,,2,66,0.0066,0.008571428571428572,0.95,0.87,3.785,2.0,0.5841584158415841,0.0177,0.7,Brute Force (Oracle),7.0,overlap_coefficient
feature_0 > 1.34 AND feature_1 > 1.44 AND feature_1 < 1.94,3.747,0.731,,,3,52,0.0052,0.006753246753246753,0.94,0.86,3.747,2.0,0.5841584158415841,0.0177,0.69,Brute Force (Oracle),7.0,overlap_coefficient
feature_8 <= 0.311 AND feature_0 <= 2.014 AND feature_0 > -0.368 AND feature_1 > 0.5 AND feature_5 > 0.379 AND feature_0 > 0.691,3.998,0.794,1.25,5.25,6,160,0.016,0.0187419468197259,1.0,0.92,2.597,4.0,0.8464491362763915,0.0882,0.59,CT on D,0.09999999999999999,jaccard_distance
feature_8 <= 0.311 AND feature_0 <= 2.014 AND feature_0 > -0.368 AND feature_1 > 0.5 AND feature_5 <= 0.379 AND feature_5 <= -0.867,3.077,1.0,0.69,3.76,6,228,0.0228,0.02961038961038961,0.77,0.86,1.956,4.0,0.8464491362763915,0.0882,0.61,CT on D,0.09999999999999999,jaccard_distance
feature_8 > 0.311 AND feature_2 <= 0.484 AND feature_3 <= 0.576 AND feature_4 > -1.572 AND feature_0 > -0.122 AND feature_1 > 1.181,3.51,0.814,0.73,4.24,6,113,0.0113,0.013236499941431416,0.88,0.85,2.531,6.0,0.8464491362763915,0.0882,0.59,CT on D,0.09999999999999999,jaccard_distance
feature_8 <= 0.311 AND feature_0 <= 2.014 AND feature_0 > -0.368 AND feature_1 > 0.5 AND feature_5 > 0.379,3.089,0.833,0.82,3.91,5,414,0.0414,0.04849478739604077,0.77,0.8,1.982,4.0,0.8464491362763915,0.0882,0.54,CT on D,0.09999999999999999,jaccard_distance
feature_8 <= 0.311 AND feature_0 > 2.014,2.922,0.866,1.5,4.42,2,127,0.0127,0.014876420288157432,0.73,0.78,3.203,2.0,0.8464491362763915,0.0882,0.68,CT on D,0.09999999999999999,jaccard_distance
feature_8 > 0.372 AND feature_2 <= 0.484 AND feature_3 <= 0.576 AND feature_4 > -1.477 AND feature_0 > -0.7 AND feature_1 > 1.148,3.167,0.792,0.79,3.96,6,154,0.0154,0.018039123813986178,1.0,0.92,2.209,6.0,0.7090265486725664,0.2003,0.55,CT on P,0.33,jaccard_distance
feature_8 <= 0.372 AND feature_0 > -1.747 AND feature_0 > -0.333 AND feature_1 > 0.535 AND feature_4 > -1.176 AND feature_9 > -0.991,2.924,0.837,1.1,4.02,6,906,0.0906,0.1061262738666979,0.92,0.89,2.078,5.0,0.7090265486725664,0.2003,0.55,CT on P,0.33,jaccard_distance
feature_8 > 0.311 AND feature_2 <= 0.483 AND feature_3 <= 0.515 AND feature_8 <= 1.857 AND feature_0 > -0.067 AND feature_1 > 0.2,2.941,0.756,0.59,3.53,6,397,0.0397,0.05155844155844156,0.93,0.86,1.993,5.0,0.7090265486725664,0.2003,0.51,CT on P,0.33,jaccard_distance
feature_8 <= 0.372 AND feature_0 > -1.747 AND feature_0 > -0.333 AND feature_1 <= 0.535 AND feature_0 > 0.97 AND feature_7 <= 0.289,2.657,0.87,0.68,3.33,6,455,0.0455,0.053297411268595524,0.84,0.85,2.034,4.0,0.7090265486725664,0.2003,0.56,CT on P,0.33,jaccard_distance
feature_8 <= 0.311 AND feature_0 <= 1.741 AND feature_0 > -0.384 AND feature_1 > 0.481 AND feature_4 > -1.044 AND feature_3 <= 1.135,2.862,0.758,0.65,3.51,6,913,0.0913,0.11857142857142858,0.9,0.85,1.906,5.0,0.7090265486725664,0.2003,0.5,CT on P,0.33,jaccard_distance
feature_0 <= 0.665 AND feature_4 > 0.958 AND feature_3 <= -0.507 AND feature_1 > 1.494,17.17,0.004,,,4,31,0.0031,0.004025974025974026,1.0,0.6,1.612,4.0,0.9935064935064936,0.0153,0.17,CF,1.32,jaccard_distance
feature_0 <= -0.694 AND feature_2 > 1.464 AND feature_2 <= 2.151 AND feature_1 > 0.276,13.823,0.006,,,4,53,0.0053,0.006883116883116883,0.81,0.49,0.097,3.0,0.9935064935064936,0.0153,0.01,CF,1.32,jaccard_distance
feature_0 <= -0.142 AND feature_1 <= -0.75 AND feature_3 <= -1.575 AND feature_8 > 0.528,13.598,0.002,,,4,19,0.0019,0.0024675324675324677,0.79,0.48,0.799,4.0,0.9935064935064936,0.0153,0.08,CF,1.32,jaccard_distance
feature_0 > -0.69 AND feature_5 <= -1.473 AND feature_5 > -2.141 AND feature_8 > 1.754,12.232,0.003,,,4,23,0.0023,0.0029870129870129872,0.71,0.43,1.376,3.0,0.9935064935064936,0.0153,0.15,CF,1.32,jaccard_distance
feature_0 > 0.419 AND feature_1 > 0.761 AND feature_4 <= -1.456 AND feature_1 <= 1.357,9.562,0.003,,,4,28,0.0028,0.0036363636363636364,0.56,0.34,2.392,3.0,0.9935064935064936,0.0153,0.25,CF,1.32,jaccard_distance
feature_0 > -0.291 AND feature_0 > 0.394 AND feature_1 > 0.474 AND feature_1 > 1.124,2.169,0.045,,,4,464,0.0464,0.06025974025974026,1.0,0.62,2.899,2.0,0.5088240145142668,0.617,0.32,CF SingleTree,0.02,jaccard_distance
feature_0 > -0.291 AND feature_0 > 0.394 AND feature_1 > 0.474,2.003,0.112,,,3,1171,0.1171,0.1520779220779221,0.92,0.6,2.47,2.0,0.5088240145142668,0.617,0.3,CF SingleTree,0.02,jaccard_distance
feature_0 > -0.291,1.371,0.52,,,1,6170,0.617,0.8012987012987013,0.63,0.59,1.454,1.0,0.5088240145142668,0.617,0.36,CF SingleTree,0.02,jaccard_distance
feature_0 > -0.291 AND feature_0 > 0.394,1.628,0.324,,,2,3614,0.3614,0.46935064935064935,0.75,0.58,1.865,1.0,0.5088240145142668,0.617,0.33,CF SingleTree,0.02,jaccard_distance
feature_0 > -0.291 AND feature_0 > 0.394 AND feature_1 > 0.474 AND feature_1 <= 1.124,1.894,0.069,,,4,707,0.0707,0.09181818181818181,0.87,0.55,2.189,2.0,0.5088240145142668,0.617,0.26,CF SingleTree,0.02,jaccard_distance
feature_0 > 1.84 AND feature_1 > 0.94 AND feature_1 < 2.94,3.988,0.005,,,3,60,0.006,0.007792207792207792,1.0,0.6,3.988,2.0,0.5895765472312704,0.0181,0.42,Brute Force (Oracle),7.329999999999999,jaccard_distance
feature_0 > 1.34 AND feature_1 > 1.44 AND feature_1 < 2.94,3.871,0.007,,,3,74,0.0074,0.00961038961038961,0.97,0.59,3.871,2.0,0.5895765472312704,0.0181,0.41,Brute Force (Oracle),7.329999999999999,jaccard_distance
feature_0 > 0.84 AND feature_0 < 3.34 AND feature_1 > 1.94,3.822,0.006,,,3,55,0.0055,0.007142857142857143,0.96,0.58,3.822,2.0,0.5895765472312704,0.0181,0.4,Brute Force (Oracle),7.329999999999999,jaccard_distance
feature_0 > 2.34 AND feature_1 > -0.56 AND feature_1 < 2.94,3.785,0.006,,,3,66,0.0066,0.008571428571428572,0.95,0.57,3.785,2.0,0.5895765472312704,0.0181,0.4,Brute Force (Oracle),7.329999999999999,jaccard_distance
feature_0 > 1.34 AND feature_1 > 1.44 AND feature_1 < 1.94,3.747,0.005,,,3,52,0.0052,0.006753246753246753,0.94,0.57,3.747,2.0,0.5895765472312704,0.0181,0.4,Brute Force (Oracle),7.329999999999999,jaccard_distance
feature_8 <= 0.311 AND feature_0 <= 2.014 AND feature_0 > -0.368 AND feature_1 > 0.5 AND feature_5 > 0.379 AND feature_0 > 0.691,3.998,0.794,1.25,5.25,6,160,0.016,0.0187419468197259,1.0,0.92,2.597,4.0,0.8464491362763915,0.0882,0.59,CT on D,0.13,overlap_coefficient
feature_8 <= 0.311 AND feature_0 <= 2.014 AND feature_0 > -0.368 AND feature_1 > 0.5 AND feature_5 <= 0.379 AND feature_5 <= -0.867,3.077,1.0,0.69,3.76,6,228,0.0228,0.02961038961038961,0.77,0.86,1.956,4.0,0.8464491362763915,0.0882,0.61,CT on D,0.13,overlap_coefficient
feature_8 > 0.311 AND feature_2 <= 0.484 AND feature_3 <= 0.576 AND feature_4 > -1.572 AND feature_0 > -0.122 AND feature_1 > 1.181,3.51,0.814,0.73,4.24,6,113,0.0113,0.013236499941431416,0.88,0.85,2.531,6.0,0.8464491362763915,0.0882,0.59,CT on D,0.13,overlap_coefficient
feature_8 <= 0.311 AND feature_0 <= 2.014 AND feature_0 > -0.368 AND feature_1 > 0.5 AND feature_5 > 0.379,3.089,0.833,0.82,3.91,5,414,0.0414,0.04849478739604077,0.77,0.8,1.982,4.0,0.8464491362763915,0.0882,0.54,CT on D,0.13,overlap_coefficient
feature_8 <= 0.311 AND feature_0 > 2.014,2.922,0.866,1.5,4.42,2,127,0.0127,0.014876420288157432,0.73,0.78,3.203,2.0,0.8464491362763915,0.0882,0.68,CT on D,0.13,overlap_coefficient
feature_8 <= 0.372 AND feature_0 > -0.399 AND feature_1 > 0.825 AND feature_5 > -0.859 AND feature_0 > 0.76 AND feature_2 <= -0.117,3.336,0.826,1.84,5.18,6,121,0.0121,0.015066616859668784,0.9,0.87,2.934,5.0,1.0,0.0843,0.64,CT on P,0.42000000000000004,overlap_coefficient
feature_8 <= 0.372 AND feature_0 > -0.399 AND feature_1 <= 0.825 AND feature_0 > 0.971 AND feature_3 <= 0.036 AND feature_8 > -0.493,3.721,0.654,-0.63,3.09,6,217,0.0217,0.027020296351637406,1.0,0.86,2.108,4.0,1.0,0.0843,0.48,CT on P,0.42000000000000004,overlap_coefficient
feature_8 <= 0.372 AND feature_0 > -0.399 AND feature_1 > 0.825 AND feature_5 <= -0.859,3.394,0.779,0.84,4.24,4,172,0.0172,0.021417009089777114,0.91,0.86,2.222,4.0,1.0,0.0843,0.55,CT on P,0.42000000000000004,overlap_coefficient
feature_8 <= 0.372 AND feature_0 > -0.399 AND feature_1 > 0.825 AND feature_5 > -0.859 AND feature_0 <= 0.76 AND feature_3 > 0.186,2.755,1.0,0.92,3.68,6,179,0.0179,0.022288631552733158,0.74,0.84,1.789,5.0,1.0,0.0843,0.59,CT on P,0.42000000000000004,overlap_coefficient
feature_8 > 0.372 AND feature_2 <= 0.484 AND feature_3 <= 0.576 AND feature_4 > -1.477 AND feature_0 > -0.7 AND feature_1 > 1.148,3.167,0.792,0.79,3.96,6,154,0.0154,0.018039123813986178,0.85,0.83,2.209,6.0,1.0,0.0843,0.55,CT on P,0.42000000000000004,overlap_coefficient
feature_0 <= -0.694 AND feature_2 > 1.464 AND feature_2 <= 2.151 AND feature_1 > 0.276,13.823,0.868,,,4,53,0.0053,0.006599427219524343,0.81,0.83,0.097,3.0,0.9875776397515528,0.0159,0.36,CF,1.36,overlap_coefficient
feature_0 > -0.69 AND feature_5 <= -1.473 AND feature_5 > -2.141 AND feature_8 > 1.754,12.232,0.87,,,4,23,0.0023,0.002863902378284149,0.71,0.78,1.376,3.0,0.9875776397515528,0.0159,0.49,CF,1.36,overlap_coefficient
feature_0 <= 0.665 AND feature_4 > 0.958 AND feature_3 <= -0.507 AND feature_1 > 1.494,17.17,0.355,,,4,31,0.0031,0.003860042335948201,1.0,0.74,1.612,4.0,0.9875776397515528,0.0159,0.31,CF,1.36,overlap_coefficient
feature_0 > -0.65 AND feature_4 > 1.614 AND feature_6 <= 0.12 AND feature_3 > 1.214,7.35,1.0,,,4,25,0.0025,0.003112937367700162,0.43,0.66,1.397,4.0,0.9875776397515528,0.0159,0.55,CF,1.36,overlap_coefficient
feature_0 > -0.65 AND feature_4 > 1.614 AND feature_6 > 0.12 AND feature_2 > 0.892,8.762,0.862,,,4,29,0.0029,0.0036110073465321878,0.51,0.65,1.424,4.0,0.9875776397515528,0.0159,0.49,CF,1.36,overlap_coefficient
feature_0 > -0.291 AND feature_0 > 0.394 AND feature_1 > 0.474 AND feature_1 > 1.124,2.169,0.802,,,4,464,0.0464,0.057776117544515004,1.0,0.92,2.899,2.0,0.5093727977448907,0.3614,0.63,CF SingleTree,0.02,overlap_coefficient
feature_0 > -0.291 AND feature_0 > 0.394 AND feature_1 > 0.474,2.003,0.815,,,3,1171,0.1171,0.1458099863030756,0.92,0.88,2.47,2.0,0.5093727977448907,0.3614,0.59,CF SingleTree,0.02,overlap_coefficient
feature_0 > -0.291 AND feature_0 > 0.394 AND feature_1 > 0.474 AND feature_1 <= 1.124,1.894,0.823,,,4,707,0.0707,0.08803386875856058,0.87,0.85,2.189,2.0,0.5093727977448907,0.3614,0.56,CF SingleTree,0.02,overlap_coefficient
feature_0 > -0.291 AND feature_0 > 0.394 AND feature_1 <= 0.474 AND feature_0 > 0.991,1.638,0.812,,,4,1139,0.1139,0.14182542647241939,0.76,0.78,2.027,2.0,0.5093727977448907,0.3614,0.54,CF SingleTree,0.02,overlap_coefficient
feature_0 > -0.291 AND feature_0 > 0.394,1.628,0.811,,,2,3614,0.3614,0.4500062258747354,0.75,0.77,1.865,1.0,0.5093727977448907,0.3614,0.52,CF SingleTree,0.02,overlap_coefficient
feature_0 > 1.34 AND feature_1 > 1.44 AND feature_1 < 3.44,3.871,0.851,,,3,74,0.0074,0.009214294608392478,0.97,0.92,3.871,2.0,0.4852459016393443,0.0148,0.75,Brute Force (Oracle),7.4799999999999995,overlap_coefficient
feature_0 > 1.84 AND feature_1 > 0.94 AND feature_1 < 3.44,3.988,0.8,,,3,60,0.006,0.007471049682480389,1.0,0.92,3.988,2.0,0.4852459016393443,0.0148,0.74,Brute Force (Oracle),7.4799999999999995,overlap_coefficient
feature_0 > 1.34 AND feature_1 > 1.44 AND feature_1 < 1.94,3.747,0.865,,,3,52,0.0052,0.006474909724816336,0.94,0.91,3.747,2.0,0.4852459016393443,0.0148,0.74,Brute Force (Oracle),7.4799999999999995,overlap_coefficient
feature_0 > 1.34 AND feature_0 < 2.34 AND feature_1 > 1.44 AND feature_1 < 2.44,3.603,0.87,,,4,54,0.0054,0.006723944714232349,0.9,0.89,3.603,2.0,0.4852459016393443,0.0148,0.73,Brute Force (Oracle),7.4799999999999995,overlap_coefficient
feature_0 > 2.34 AND feature_1 > -0.56 AND feature_1 < 2.44,3.756,0.8,,,3,65,0.0065,0.008093637156020421,0.94,0.89,3.756,2.0,0.4852459016393443,0.0148,0.72,Brute Force (Oracle),7.4799999999999995,overlap_coefficient
feature_8 <= 0.311 AND feature_0 <= 2.014 AND feature_0 > -0.368 AND feature_1 > 0.5 AND feature_5 > 0.379 AND feature_0 > 0.691,3.998,0.794,1.25,5.25,6,160,0.016,0.0187419468197259,1.0,0.92,2.597,4.0,0.8464491362763915,0.0882,0.59,CT on D,0.16999999999999998,jaccard_distance
feature_8 <= 0.311 AND feature_0 <= 2.014 AND feature_0 > -0.368 AND feature_1 > 0.5 AND feature_5 <= 0.379 AND feature_5 <= -0.867,3.077,1.0,0.69,3.76,6,228,0.0228,0.02961038961038961,0.77,0.86,1.956,4.0,0.8464491362763915,0.0882,0.61,CT on D,0.16999999999999998,jaccard_distance
feature_8 > 0.311 AND feature_2 <= 0.484 AND feature_3 <= 0.576 AND feature_4 > -1.572 AND feature_0 > -0.122 AND feature_1 > 1.181,3.51,0.814,0.73,4.24,6,113,0.0113,0.013236499941431416,0.88,0.85,2.531,6.0,0.8464491362763915,0.0882,0.59,CT on D,0.16999999999999998,jaccard_distance
feature_8 <= 0.311 AND feature_0 <= 2.014 AND feature_0 > -0.368 AND feature_1 > 0.5 AND feature_5 > 0.379,3.089,0.833,0.82,3.91,5,414,0.0414,0.04849478739604077,0.77,0.8,1.982,4.0,0.8464491362763915,0.0882,0.54,CT on D,0.16999999999999998,jaccard_distance
feature_8 <= 0.311 AND feature_0 > 2.014,2.922,0.866,1.5,4.42,2,127,0.0127,0.014876420288157432,0.73,0.78,3.203,2.0,0.8464491362763915,0.0882,0.68,CT on D,0.16999999999999998,jaccard_distance
feature_8 <= 0.372 AND feature_0 > -0.399 AND feature_1 > 0.825 AND feature_5 > -0.859 AND feature_0 > 0.76 AND feature_2 <= -0.117,3.336,0.826,1.84,5.18,6,121,0.0121,0.015066616859668784,0.9,0.87,2.934,5.0,1.0,0.0843,0.64,CT on P,0.51,jaccard_distance
feature_8 <= 0.372 AND feature_0 > -0.399 AND feature_1 <= 0.825 AND feature_0 > 0.971 AND feature_3 <= 0.036 AND feature_8 > -0.493,3.721,0.654,-0.63,3.09,6,217,0.0217,0.027020296351637406,1.0,0.86,2.108,4.0,1.0,0.0843,0.48,CT on P,0.51,jaccard_distance
feature_8 <= 0.372 AND feature_0 > -0.399 AND feature_1 > 0.825 AND feature_5 <= -0.859,3.394,0.779,0.84,4.24,4,172,0.0172,0.021417009089777114,0.91,0.86,2.222,4.0,1.0,0.0843,0.55,CT on P,0.51,jaccard_distance
feature_8 <= 0.372 AND feature_0 > -0.399 AND feature_1 > 0.825 AND feature_5 > -0.859 AND feature_0 <= 0.76 AND feature_3 > 0.186,2.755,1.0,0.92,3.68,6,179,0.0179,0.022288631552733158,0.74,0.84,1.789,5.0,1.0,0.0843,0.59,CT on P,0.51,jaccard_distance
feature_8 > 0.372 AND feature_2 <= 0.484 AND feature_3 <= 0.576 AND feature_4 > -1.477 AND feature_0 > -0.7 AND feature_1 > 1.148,3.167,0.792,0.79,3.96,6,154,0.0154,0.018039123813986178,0.85,0.83,2.209,6.0,1.0,0.0843,0.55,CT on P,0.51,jaccard_distance
feature_0 <= 0.665 AND feature_4 > 0.958 AND feature_3 <= -0.507 AND feature_1 > 1.494,17.17,0.001,,,4,31,0.0031,0.003860042335948201,1.0,0.6,1.612,4.0,0.9935064935064936,0.0153,0.17,CF,1.3800000000000001,jaccard_distance
feature_0 <= -0.694 AND feature_2 > 1.464 AND feature_2 <= 2.151 AND feature_1 > 0.276,13.823,0.006,,,4,53,0.0053,0.006599427219524343,0.81,0.49,0.097,3.0,0.9935064935064936,0.0153,0.01,CF,1.3800000000000001,jaccard_distance
feature_0 <= -0.142 AND feature_1 <= -0.75 AND feature_3 <= -1.575 AND feature_8 > 0.528,13.598,0.0,,,4,19,0.0019,0.002365832399452123,0.79,0.48,0.799,4.0,0.9935064935064936,0.0153,0.08,CF,1.3800000000000001,jaccard_distance
feature_0 > -0.69 AND feature_5 <= -1.473 AND feature_5 > -2.141 AND feature_8 > 1.754,12.232,0.002,,,4,23,0.0023,0.002863902378284149,0.71,0.43,1.376,3.0,0.9935064935064936,0.0153,0.15,CF,1.3800000000000001,jaccard_distance
feature_0 > 0.419 AND feature_1 > 0.761 AND feature_4 <= -1.456 AND feature_1 <= 1.357,9.562,0.003,,,4,28,0.0028,0.0034864898518241812,0.56,0.34,2.392,3.0,0.9935064935064936,0.0153,0.25,CF,1.3800000000000001,jaccard_distance
feature_0 > -0.291 AND feature_0 > 0.394 AND feature_1 > 0.474 AND feature_1 > 1.124,2.169,0.046,,,4,464,0.0464,0.057776117544515004,1.0,0.62,2.899,2.0,0.5088240145142668,0.617,0.32,CF SingleTree,0.02,jaccard_distance
feature_0 > -0.291 AND feature_0 > 0.394 AND feature_1 > 0.474,2.003,0.116,,,3,1171,0.1171,0.1458099863030756,0.92,0.6,2.47,2.0,0.5088240145142668,0.617,0.31,CF SingleTree,0.02,jaccard_distance
feature_0 > -0.291,1.371,0.539,,,1,6170,0.617,0.7682729423483999,0.63,0.59,1.454,1.0,0.5088240145142668,0.617,0.37,CF SingleTree,0.02,jaccard_distance
feature_0 > -0.291 AND feature_0 > 0.394,1.628,0.337,,,2,3614,0.3614,0.4500062258747354,0.75,0.59,1.865,1.0,0.5088240145142668,0.617,0.33,CF SingleTree,0.02,jaccard_distance
feature_0 > -0.291 AND feature_0 > 0.394 AND feature_1 > 0.474 AND feature_1 <= 1.124,1.894,0.071,,,4,707,0.0707,0.08803386875856058,0.87,0.55,2.189,2.0,0.5088240145142668,0.617,0.26,CF SingleTree,0.02,jaccard_distance
feature_0 > 1.84 AND feature_1 > 0.94,3.988,0.006,,,2,60,0.006,0.007471049682480389,1.0,0.6,3.988,2.0,0.5895765472312704,0.0181,0.42,Brute Force (Oracle),7.67,jaccard_distance
feature_0 > 1.34 AND feature_1 > 1.44 AND feature_1 < 2.94,3.871,0.008,,,3,74,0.0074,0.009214294608392478,0.97,0.59,3.871,2.0,0.5895765472312704,0.0181,0.41,Brute Force (Oracle),7.67,jaccard_distance
feature_0 > 0.84 AND feature_0 < 3.34 AND feature_1 > 1.94,3.822,0.005,,,3,55,0.0055,0.006848462208940356,0.96,0.58,3.822,2.0,0.5895765472312704,0.0181,0.4,Brute Force (Oracle),7.67,jaccard_distance
feature_0 > 2.34 AND feature_1 > -0.56 AND feature_1 < 2.94,3.785,0.006,,,3,66,0.0066,0.008218154650728428,0.95,0.57,3.785,2.0,0.5895765472312704,0.0181,0.4,Brute Force (Oracle),7.67,jaccard_distance
feature_0 > 1.34 AND feature_1 > 1.44 AND feature_1 < 1.94,3.747,0.006,,,3,52,0.0052,0.006474909724816336,0.94,0.57,3.747,2.0,0.5895765472312704,0.0181,0.4,Brute Force (Oracle),7.67,jaccard_distance
feature_3 > -0.969 AND feature_0 > 0.15 AND feature_0 <= 1.816 AND feature_1 <= -0.273 AND feature_6 <= -0.888 AND feature_4 > 0.233,3.311,0.692,0.1,3.41,6,104,0.0104,0.014912532262689992,1.0,0.88,1.165,5.0,1.0,0.0703,0.4,CT on D,0.03,overlap_coefficient
feature_3 > -0.969 AND feature_0 > 0.15 AND feature_0 > 1.816 AND feature_0 <= 2.025,3.186,0.681,0.95,4.13,4,144,0.0144,0.020648121594493835,0.96,0.85,2.702,2.0,1.0,0.0703,0.57,CT on D,0.03,overlap_coefficient
feature_3 > -0.969 AND feature_0 > 0.15 AND feature_0 <= 1.816 AND feature_1 > -0.273 AND feature_9 <= -1.35,3.01,0.712,0.16,3.17,5,170,0.017,0.02437625466016633,0.91,0.83,1.839,4.0,1.0,0.0703,0.49,CT on D,0.03,overlap_coefficient
feature_3 > -0.969 AND feature_0 <= 0.15 AND feature_0 <= -0.657 AND feature_0 <= -1.838 AND feature_1 <= 0.257,3.027,0.696,2.65,-0.37,5,168,0.0168,0.02408947519357614,0.91,0.83,1.814,3.0,1.0,0.0703,0.48,CT on D,0.03,overlap_coefficient
feature_3 <= -0.969 AND feature_8 > -0.584 AND feature_3 > -1.83 AND feature_0 > 1.134,2.939,0.667,0.4,3.34,4,117,0.0117,0.01677659879552624,0.89,0.8,2.458,3.0,1.0,0.0703,0.54,CT on D,0.03,overlap_coefficient
feature_3 > -1.556 AND feature_0 > -0.002 AND feature_1 > 1.249 AND feature_9 > -0.441 AND feature_1 > 1.586,4.706,0.737,1.14,5.85,5,179,0.0179,0.025666762259822198,1.0,0.89,2.957,4.0,0.6084977238239757,0.0802,0.62,CT on P,0.08,overlap_coefficient
feature_3 > -1.556 AND feature_0 > -0.002 AND feature_1 > 1.249 AND feature_9 > -0.441,3.684,0.739,1.36,5.04,4,337,0.0337,0.04832234012044737,0.78,0.77,2.724,4.0,0.6084977238239757,0.0802,0.59,CT on P,0.08,overlap_coefficient
feature_3 > -1.556 AND feature_0 > -0.002 AND feature_1 > 1.249,3.187,0.731,1.65,4.83,3,483,0.0483,0.0692572411815314,0.68,0.7,2.72,3.0,0.6084977238239757,0.0802,0.59,CT on P,0.08,overlap_coefficient
feature_3 > -1.556 AND feature_0 > -0.002 AND feature_1 <= 1.249 AND feature_3 <= -0.477 AND feature_9 > 0.064 AND feature_9 <= 0.454,3.25,0.696,-0.46,2.79,6,161,0.0161,0.02308574706051047,0.69,0.69,1.421,4.0,0.6084977238239757,0.0802,0.43,CT on P,0.08,overlap_coefficient
feature_3 > -1.556 AND feature_0 <= -0.002 AND feature_0 <= -1.028 AND feature_1 <= 0.669 AND feature_6 > 1.078,2.927,0.709,2.65,-0.28,5,158,0.0158,0.02265557786062518,0.62,0.66,1.027,4.0,0.6084977238239757,0.0802,0.4,CT on P,0.08,overlap_coefficient
feature_0 > 0.823 AND feature_1 > 1.489 AND feature_9 <= -0.382,54.203,0.778,,,3,36,0.0036,0.005162030398623459,1.0,0.91,3.493,3.0,0.754325259515571,0.0218,0.69,CF,1.35,overlap_coefficient
feature_0 > 0.256 AND feature_1 > 1.581 AND feature_4 <= 0.138 AND feature_5 > 0.127,7.635,1.0,,,4,51,0.0051,0.0073128763980499,0.14,0.48,3.218,4.0,0.754325259515571,0.0218,0.75,CF,1.35,overlap_coefficient
feature_0 > 0.262 AND feature_1 > 1.416 AND feature_0 <= 0.509 AND feature_3 <= 0.283,16.552,0.73,,,4,37,0.0037,0.005305420131918555,0.31,0.48,2.527,3.0,0.754325259515571,0.0218,0.57,CF,1.35,overlap_coefficient
feature_0 > 0.157 AND feature_1 > 1.459 AND feature_9 <= 0.92 AND feature_5 > 0.202,5.431,1.0,,,4,105,0.0105,0.015055921995985088,0.1,0.46,2.985,4.0,0.754325259515571,0.0218,0.73,CF,1.35,overlap_coefficient
feature_0 <= 0.113 AND feature_0 <= -1.203 AND feature_1 <= -1.106 AND feature_5 > 0.385,5.19,1.0,,,4,60,0.006,0.008603383997705764,0.1,0.46,1.517,3.0,0.754325259515571,0.0218,0.57,CF,1.35,overlap_coefficient
feature_0 > -0.05 AND feature_0 > 0.81 AND feature_1 > 1.451 AND feature_1 > 1.617,2.341,0.717,,,4,106,0.0106,0.015199311729280183,1.0,0.89,3.557,2.0,0.8833592534992224,0.1136,0.68,CF SingleTree,0.02,overlap_coefficient
feature_0 > -0.05 AND feature_0 > 0.81 AND feature_1 > 1.451,2.27,0.733,,,3,150,0.015,0.02150845999426441,0.97,0.88,3.431,2.0,0.8833592534992224,0.1136,0.67,CF SingleTree,0.02,overlap_coefficient
feature_0 > -0.05 AND feature_0 > 0.81 AND feature_1 > 1.451 AND feature_1 <= 1.617,2.102,0.773,,,4,44,0.0044,0.006309148264984227,0.9,0.85,3.128,2.0,0.8833592534992224,0.1136,0.65,CF SingleTree,0.02,overlap_coefficient
feature_0 > -0.05 AND feature_0 <= 0.81 AND feature_1 > 1.387 AND feature_0 > 0.182,1.806,0.697,,,4,175,0.0175,0.025093203326641812,0.77,0.74,2.471,2.0,0.8833592534992224,0.1136,0.55,CF SingleTree,0.02,overlap_coefficient
feature_0 > -0.05 AND feature_0 > 0.81 AND feature_1 <= 1.451 AND feature_0 > 1.35,1.734,0.687,,,4,811,0.0811,0.11628907370232291,0.74,0.72,2.533,2.0,0.8833592534992224,0.1136,0.55,CF SingleTree,0.02,overlap_coefficient
feature_0 > 1.59 AND feature_0 < 3.09 AND feature_1 > 0.88 AND feature_1 < 2.88,3.767,0.714,,,4,98,0.0098,0.014052193862919416,0.98,0.87,3.767,2.0,0.5614849187935035,0.0242,0.7,Brute Force (Oracle),8.74,overlap_coefficient
feature_0 > 1.09 AND feature_0 < 3.09 AND feature_1 > 1.38,3.622,0.748,,,3,119,0.0119,0.017063378262116433,0.94,0.86,3.622,2.0,0.5614849187935035,0.0242,0.7,Brute Force (Oracle),8.74,overlap_coefficient
feature_0 > 0.59 AND feature_0 < 3.09 AND feature_1 > 1.88,3.632,0.738,,,3,80,0.008,0.011471178663607686,0.94,0.86,3.632,2.0,0.5614849187935035,0.0242,0.69,Brute Force (Oracle),8.74,overlap_coefficient
feature_0 > 2.09 AND feature_0 < 3.09 AND feature_1 > 0.38,3.838,0.63,,,3,73,0.0073,0.010467450530542013,1.0,0.85,3.838,2.0,0.5614849187935035,0.0242,0.67,Brute Force (Oracle),8.74,overlap_coefficient
feature_0 > 1.59 AND feature_0 < 2.09 AND feature_1 > 0.88,3.488,0.754,,,3,61,0.0061,0.00874677373100086,0.91,0.85,3.488,2.0,0.5614849187935035,0.0242,0.68,Brute Force (Oracle),8.74,overlap_coefficient
feature_3 > -0.969 AND feature_0 > 0.15 AND feature_0 <= 1.816 AND feature_1 <= -0.273 AND feature_6 <= -0.888 AND feature_4 > 0.233,3.311,0.692,0.1,3.41,6,104,0.0104,0.014912532262689992,1.0,0.88,1.165,5.0,1.0,0.0703,0.4,CT on D,0.060000000000000005,jaccard_distance
feature_3 > -0.969 AND feature_0 > 0.15 AND feature_0 > 1.816 AND feature_0 <= 2.025,3.186,0.681,0.95,4.13,4,144,0.0144,0.020648121594493835,0.96,0.85,2.702,2.0,1.0,0.0703,0.57,CT on D,0.060000000000000005,jaccard_distance
feature_3 > -0.969 AND feature_0 > 0.15 AND feature_0 <= 1.816 AND feature_1 > -0.273 AND feature_9 <= -1.35,3.01,0.712,0.16,3.17,5,170,0.017,0.02437625466016633,0.91,0.83,1.839,4.0,1.0,0.0703,0.49,CT on D,0.060000000000000005,jaccard_distance
feature_3 > -0.969 AND feature_0 <= 0.15 AND feature_0 <= -0.657 AND feature_0 <= -1.838 AND feature_1 <= 0.257,3.027,0.696,2.65,-0.37,5,168,0.0168,0.02408947519357614,0.91,0.83,1.814,3.0,1.0,0.0703,0.48,CT on D,0.060000000000000005,jaccard_distance
feature_3 <= -0.969 AND feature_8 > -0.584 AND feature_3 > -1.83 AND feature_0 > 1.134,2.939,0.667,0.4,3.34,4,117,0.0117,0.01677659879552624,0.89,0.8,2.458,3.0,1.0,0.0703,0.54,CT on D,0.060000000000000005,jaccard_distance
feature_3 > -1.556 AND feature_0 > -0.002 AND feature_1 > 1.249 AND feature_9 > -0.441 AND feature_1 > 1.586,4.706,0.737,1.14,5.85,5,179,0.0179,0.025666762259822198,1.0,0.89,2.957,4.0,0.6084977238239757,0.0802,0.62,CT on P,0.16000000000000003,jaccard_distance
feature_3 > -1.556 AND feature_0 > -0.002 AND feature_1 > 1.249 AND feature_9 > -0.441,3.684,0.739,1.36,5.04,4,337,0.0337,0.04832234012044737,0.78,0.77,2.724,4.0,0.6084977238239757,0.0802,0.59,CT on P,0.16000000000000003,jaccard_distance
feature_3 > -1.556 AND feature_0 > -0.002 AND feature_1 > 1.249,3.187,0.731,1.65,4.83,3,483,0.0483,0.0692572411815314,0.68,0.7,2.72,3.0,0.6084977238239757,0.0802,0.59,CT on P,0.16000000000000003,jaccard_distance
feature_3 > -1.556 AND feature_0 > -0.002 AND feature_1 <= 1.249 AND feature_3 <= -0.477 AND feature_9 > 0.064 AND feature_9 <= 0.454,3.25,0.696,-0.46,2.79,6,161,0.0161,0.02308574706051047,0.69,0.69,1.421,4.0,0.6084977238239757,0.0802,0.43,CT on P,0.16000000000000003,jaccard_distance
feature_3 > -1.556 AND feature_0 <= -0.002 AND feature_0 <= -1.028 AND feature_1 <= 0.669 AND feature_6 > 1.078,2.927,0.709,2.65,-0.28,5,158,0.0158,0.02265557786062518,0.62,0.66,1.027,4.0,0.6084977238239757,0.0802,0.4,CT on P,0.16000000000000003,jaccard_distance
feature_0 > 0.823 AND feature_1 > 1.489 AND feature_9 <= -0.382,54.203,0.004,,,3,36,0.0036,0.005162030398623459,1.0,0.6,3.493,3.0,0.3003453972067878,1.0,0.38,CF,1.4900000000000002,jaccard_distance
feature_1 <= 1.385,0.679,0.652,,,1,9146,0.9146,1.3114425007169486,0.01,0.27,0.689,1.0,0.3003453972067878,1.0,0.34,CF,1.4900000000000002,jaccard_distance
feature_0 > -1.121,1.105,0.631,,,1,8650,0.865,1.240321193002581,0.02,0.26,1.053,1.0,0.3003453972067878,1.0,0.37,CF,1.4900000000000002,jaccard_distance
feature_0 <= 1.064,0.706,0.628,,,1,8612,0.8612,1.2348723831373674,0.01,0.26,0.539,1.0,0.3003453972067878,1.0,0.31,CF,1.4900000000000002,jaccard_distance
feature_0 > -0.485,1.328,0.529,,,1,6851,0.6851,0.9823630628047032,0.02,0.23,1.32,1.0,0.3003453972067878,1.0,0.36,CF,1.4900000000000002,jaccard_distance
feature_0 > -0.05 AND feature_0 > 0.81 AND feature_1 > 1.451 AND feature_1 > 1.617,2.341,0.011,,,4,106,0.0106,0.015199311729280183,1.0,0.6,3.557,2.0,0.6912644595133626,0.5199,0.39,CF SingleTree,0.02,jaccard_distance
feature_0 > -0.05 AND feature_0 > 0.81 AND feature_1 > 1.451,2.27,0.016,,,3,150,0.015,0.02150845999426441,0.97,0.59,3.431,2.0,0.6912644595133626,0.5199,0.38,CF SingleTree,0.02,jaccard_distance
feature_0 > -0.05 AND feature_0 > 0.81 AND feature_1 > 1.451 AND feature_1 <= 1.617,2.102,0.005,,,4,44,0.0044,0.006309148264984227,0.9,0.54,3.128,2.0,0.6912644595133626,0.5199,0.34,CF SingleTree,0.02,jaccard_distance
feature_0 > -0.05,1.283,0.425,,,1,5199,0.5199,0.7454832234012044,0.55,0.5,1.562,1.0,0.6912644595133626,0.5199,0.34,CF SingleTree,0.02,jaccard_distance
feature_0 > -0.05 AND feature_0 > 0.81,1.656,0.184,,,2,2022,0.2022,0.28993404072268425,0.71,0.5,2.198,1.0,0.6912644595133626,0.5199,0.31,CF SingleTree,0.02,jaccard_distance
feature_0 > 2.09 AND feature_0 < 3.59 AND feature_1 > 0.38 AND feature_1 < 3.38,3.849,0.007,,,4,74,0.0074,0.01061084026383711,1.0,0.6,3.849,2.0,0.5296703296703297,0.0241,0.42,Brute Force (Oracle),8.81,jaccard_distance
feature_0 > 1.59 AND feature_0 < 3.59 AND feature_1 > 0.88 AND feature_1 < 3.38,3.776,0.01,,,4,99,0.0099,0.014195583596214511,0.98,0.59,3.776,2.0,0.5296703296703297,0.0241,0.42,Brute Force (Oracle),8.81,jaccard_distance
feature_0 > 2.09 AND feature_1 > -0.12,3.65,0.011,,,2,109,0.0109,0.01562948092916547,0.95,0.57,3.65,2.0,0.5296703296703297,0.0241,0.4,Brute Force (Oracle),8.81,jaccard_distance
feature_0 > 2.09 AND feature_0 < 2.59 AND feature_1 > 0.38 AND feature_1 < 3.38,3.646,0.005,,,4,54,0.0054,0.007743045597935188,0.95,0.57,3.646,2.0,0.5296703296703297,0.0241,0.4,Brute Force (Oracle),8.81,jaccard_distance
feature_0 > 1.09 AND feature_0 < 3.59 AND feature_1 > 1.38,3.622,0.013,,,3,119,0.0119,0.017063378262116433,0.94,0.57,3.622,2.0,0.5296703296703297,0.0241,0.4,Brute Force (Oracle),8.81,jaccard_distance
feature_3 > -0.969 AND feature_0 > 0.15 AND feature_0 <= 1.816 AND feature_1 <= -0.273 AND feature_6 <= -0.888 AND feature_4 > 0.233,3.311,1.0,0.1,3.41,6,104,0.0104,0.011549139367018324,1.0,1.0,1.165,5.0,1.0,0.0703,0.53,CT on D,0.09,overlap_coefficient
feature_3 > -0.969 AND feature_0 <= 0.15 AND feature_0 <= -0.657 AND feature_0 <= -1.838 AND feature_1 <= 0.257,3.027,1.0,2.65,-0.37,5,168,0.0168,0.018656302054414216,0.91,0.95,1.814,3.0,1.0,0.0703,0.6,CT on D,0.09,overlap_coefficient
feature_3 > -0.969 AND feature_0 > 0.15 AND feature_0 > 1.816 AND feature_0 <= 2.025,3.186,0.903,0.95,4.13,4,144,0.0144,0.015991116046640753,0.96,0.94,2.702,2.0,1.0,0.0703,0.66,CT on D,0.09,overlap_coefficient
feature_3 > -0.969 AND feature_0 > 0.15 AND feature_0 <= 1.816 AND feature_1 > -0.273 AND feature_9 <= -1.35,3.01,0.847,0.16,3.17,5,170,0.017,0.018878400888395337,0.91,0.88,1.839,4.0,1.0,0.0703,0.54,CT on D,0.09,overlap_coefficient
feature_3 <= -0.969 AND feature_8 > -0.584 AND feature_3 > -1.83 AND feature_0 > 1.134,2.939,0.872,0.4,3.34,4,117,0.0117,0.012992781787895613,0.89,0.88,2.458,3.0,1.0,0.0703,0.62,CT on D,0.09,overlap_coefficient
feature_3 > -1.556 AND feature_0 > -0.002 AND feature_1 > 1.249 AND feature_9 > -0.441 AND feature_1 > 1.586,4.706,0.737,1.14,5.85,5,179,0.0179,0.025666762259822198,1.0,0.89,2.957,4.0,0.7776523702031602,0.0689,0.62,CT on P,0.27,overlap_coefficient
feature_3 > -0.729 AND feature_7 <= 2.182 AND feature_0 > -0.096 AND feature_3 <= -0.476 AND feature_6 > -0.358 AND feature_2 > 0.26,4.222,0.871,-0.75,3.47,6,116,0.0116,0.012881732370905053,0.9,0.89,1.595,5.0,0.7776523702031602,0.0689,0.52,CT on P,0.27,overlap_coefficient
feature_3 > -0.729 AND feature_7 <= 2.182 AND feature_0 <= -0.096 AND feature_0 <= -1.354 AND feature_1 <= 0.514 AND feature_0 <= -2.123,3.377,1.0,2.94,-0.44,6,102,0.0102,0.011327040533037201,0.72,0.83,1.97,4.0,0.7776523702031602,0.0689,0.62,CT on P,0.27,overlap_coefficient
feature_3 > -0.729 AND feature_7 <= 2.182 AND feature_0 > -0.096 AND feature_3 > -0.476 AND feature_0 > 1.393 AND feature_5 <= -0.596,3.202,0.934,0.84,4.04,6,152,0.0152,0.016879511382565243,0.68,0.78,2.591,4.0,0.7776523702031602,0.0689,0.66,CT on P,0.27,overlap_coefficient
feature_3 > -1.556 AND feature_0 > -0.002 AND feature_1 > 1.249 AND feature_9 > -0.441,3.684,0.739,1.36,5.04,4,337,0.0337,0.04832234012044737,0.78,0.77,2.724,4.0,0.7776523702031602,0.0689,0.59,CT on P,0.27,overlap_coefficient
feature_0 > 0.823 AND feature_1 > 1.489 AND feature_9 <= -0.382,54.203,0.0,,,3,36,0.0036,0.003997779011660188,1.0,0.6,3.493,3.0,0.9957446808510638,0.0234,0.38,CF,1.42,overlap_coefficient
feature_0 <= -0.763 AND feature_2 > 0.238 AND feature_4 > 1.451 AND feature_5 <= -0.154,15.802,0.92,,,4,25,0.0025,0.00277623542476402,0.29,0.54,0.429,4.0,0.9957446808510638,0.0234,0.41,CF,1.42,overlap_coefficient
feature_0 <= -1.045 AND feature_1 <= 1.405 AND feature_3 > 1.097 AND feature_4 > 0.286,6.711,1.0,,,4,73,0.0073,0.008106607440310939,0.12,0.47,1.036,4.0,0.9957446808510638,0.0234,0.51,CF,1.42,overlap_coefficient
feature_0 > -0.629 AND feature_0 > 1.353 AND feature_1 <= 0.819 AND feature_3 <= -1.216,6.19,1.0,,,4,68,0.0068,0.007551360355358134,0.11,0.47,2.425,3.0,0.9957446808510638,0.0234,0.67,CF,1.42,overlap_coefficient
feature_0 > 0.565 AND feature_1 <= 0.15 AND feature_3 > 1.499 AND feature_6 > 0.637,6.089,1.0,,,4,33,0.0033,0.0036646307606885064,0.11,0.47,1.553,4.0,0.9957446808510638,0.0234,0.57,CF,1.42,overlap_coefficient
feature_0 > -0.05 AND feature_0 > 0.81 AND feature_1 <= 1.451 AND feature_0 > 1.35,1.734,0.967,,,4,811,0.0811,0.0900610771793448,0.74,0.83,2.533,2.0,0.4737129840546697,0.5199,0.66,CF SingleTree,0.02,overlap_coefficient
feature_0 > -0.05 AND feature_0 > 0.81 AND feature_1 <= 1.451,1.606,0.971,,,3,1872,0.1872,0.20788450860632982,0.69,0.8,2.099,2.0,0.4737129840546697,0.5199,0.62,CF SingleTree,0.02,overlap_coefficient
feature_0 > -0.05 AND feature_0 > 0.81 AND feature_1 <= 1.451 AND feature_0 <= 1.35,1.509,0.974,,,4,1061,0.1061,0.11782343142698501,0.64,0.78,1.768,2.0,0.4737129840546697,0.5199,0.58,CF SingleTree,0.02,overlap_coefficient
feature_0 > -0.05,1.283,0.904,,,1,5199,0.5199,0.5773459189339256,0.55,0.69,1.562,1.0,0.4737129840546697,0.5199,0.53,CF SingleTree,0.02,overlap_coefficient
feature_0 > -0.05 AND feature_0 <= 0.81 AND feature_1 <= 1.387 AND feature_0 > 0.189,1.087,0.985,,,4,2032,0.2032,0.22565241532481956,0.46,0.67,1.181,2.0,0.4737129840546697,0.5199,0.52,CF SingleTree,0.02,overlap_coefficient
feature_0 > 2.09 AND feature_1 > 0.38 AND feature_1 < 1.38,3.632,0.906,,,3,53,0.0053,0.005885619100499722,0.94,0.93,3.632,2.0,0.319693094629156,0.0125,0.76,Brute Force (Oracle),9.139999999999999,overlap_coefficient
feature_0 > 2.09 AND feature_1 > -0.12 AND feature_1 < 0.88,3.335,1.0,,,3,71,0.0071,0.007884508606329816,0.87,0.92,3.335,2.0,0.319693094629156,0.0125,0.76,Brute Force (Oracle),9.139999999999999,overlap_coefficient
feature_0 > 2.09 AND feature_0 < 3.59 AND feature_1 > -0.12 AND feature_1 < 1.38,3.444,0.942,,,4,86,0.0086,0.009550249861188229,0.89,0.91,3.444,2.0,0.319693094629156,0.0125,0.75,Brute Force (Oracle),9.139999999999999,overlap_coefficient
feature_0 > 2.09 AND feature_1 > -0.62 AND feature_1 < 1.38,3.339,0.96,,,3,125,0.0125,0.0138811771238201,0.87,0.9,3.339,2.0,0.319693094629156,0.0125,0.75,Brute Force (Oracle),9.139999999999999,overlap_coefficient
feature_0 > 2.09 AND feature_0 < 2.59 AND feature_1 > -0.12 AND feature_1 < 0.88,3.203,1.0,,,4,56,0.0056,0.006218767351471405,0.83,0.9,3.203,2.0,0.319693094629156,0.0125,0.75,Brute Force (Oracle),9.139999999999999,overlap_coefficient
feature_3 > -0.969 AND feature_0 > 0.15 AND feature_0 <= 1.816 AND feature_1 <= -0.273 AND feature_6 <= -0.888 AND feature_4 > 0.233,3.311,1.0,0.1,3.41,6,104,0.0104,0.011549139367018324,1.0,1.0,1.165,5.0,1.0,0.0703,0.53,CT on D,0.12,jaccard_distance
feature_3 > -0.969 AND feature_0 <= 0.15 AND feature_0 <= -0.657 AND feature_0 <= -1.838 AND feature_1 <= 0.257,3.027,1.0,2.65,-0.37,5,168,0.0168,0.018656302054414216,0.91,0.95,1.814,3.0,1.0,0.0703,0.6,CT on D,0.12,jaccard_distance
feature_3 > -0.969 AND feature_0 > 0.15 AND feature_0 > 1.816 AND feature_0 <= 2.025,3.186,0.903,0.95,4.13,4,144,0.0144,0.015991116046640753,0.96,0.94,2.702,2.0,1.0,0.0703,0.66,CT on D,0.12,jaccard_distance
feature_3 > -0.969 AND feature_0 > 0.15 AND feature_0 <= 1.816 AND feature_1 > -0.273 AND feature_9 <= -1.35,3.01,0.847,0.16,3.17,5,170,0.017,0.018878400888395337,0.91,0.88,1.839,4.0,1.0,0.0703,0.54,CT on D,0.12,jaccard_distance
feature_3 <= -0.969 AND feature_8 > -0.584 AND feature_3 > -1.83 AND feature_0 > 1.134,2.939,0.872,0.4,3.34,4,117,0.0117,0.012992781787895613,0.89,0.88,2.458,3.0,1.0,0.0703,0.62,CT on D,0.12,jaccard_distance
feature_3 > -1.556 AND feature_0 > -0.002 AND feature_1 > 1.249 AND feature_9 > -0.441 AND feature_1 > 1.586,4.706,0.737,1.14,5.85,5,179,0.0179,0.025666762259822198,1.0,0.89,2.957,4.0,0.7776523702031602,0.0689,0.62,CT on P,0.38,jaccard_distance
feature_3 > -0.729 AND feature_7 <= 2.182 AND feature_0 > -0.096 AND feature_3 <= -0.476 AND feature_6 > -0.358 AND feature_2 > 0.26,4.222,0.871,-0.75,3.47,6,116,0.0116,0.012881732370905053,0.9,0.89,1.595,5.0,0.7776523702031602,0.0689,0.52,CT on P,0.38,jaccard_distance
feature_3 > -0.729 AND feature_7 <= 2.182 AND feature_0 <= -0.096 AND feature_0 <= -1.354 AND feature_1 <= 0.514 AND feature_0 <= -2.123,3.377,1.0,2.94,-0.44,6,102,0.0102,0.011327040533037201,0.72,0.83,1.97,4.0,0.7776523702031602,0.0689,0.62,CT on P,0.38,jaccard_distance
feature_3 > -0.729 AND feature_7 <= 2.182 AND feature_0 > -0.096 AND feature_3 > -0.476 AND feature_0 > 1.393 AND feature_5 <= -0.596,3.202,0.934,0.84,4.04,6,152,0.0152,0.016879511382565243,0.68,0.78,2.591,4.0,0.7776523702031602,0.0689,0.66,CT on P,0.38,jaccard_distance
feature_3 > -1.556 AND feature_0 > -0.002 AND feature_1 > 1.249 AND feature_9 > -0.441,3.684,0.739,1.36,5.04,4,337,0.0337,0.04832234012044737,0.78,0.77,2.724,4.0,0.7776523702031602,0.0689,0.59,CT on P,0.38,jaccard_distance
feature_0 > 0.823 AND feature_1 > 1.489 AND feature_9 <= -0.382,54.203,0.0,,,3,36,0.0036,0.003997779011660188,1.0,0.6,3.493,3.0,0.30725742026669944,1.0,0.38,CF,1.52,jaccard_distance
feature_1 <= 1.385,0.679,0.985,,,1,9146,0.9146,1.015657967795669,0.01,0.4,0.689,1.0,0.30725742026669944,1.0,0.47,CF,1.52,jaccard_distance
feature_0 > -0.988 AND feature_1 <= 1.126,0.918,0.803,,,2,7233,0.7233,0.8032204330927263,0.02,0.33,0.945,2.0,0.30725742026669944,1.0,0.42,CF,1.52,jaccard_distance
feature_0 <= 1.064,0.706,0.787,,,1,8612,0.8612,0.9563575791227096,0.01,0.32,0.539,1.0,0.30725742026669944,1.0,0.37,CF,1.52,jaccard_distance
feature_0 > -0.693,1.267,0.694,,,1,7519,0.7519,0.8349805663520267,0.02,0.29,1.222,1.0,0.30725742026669944,1.0,0.41,CF,1.52,jaccard_distance
feature_0 > -0.05 AND feature_0 > 0.81 AND feature_1 > 1.451 AND feature_1 > 1.617,2.341,0.0,,,4,106,0.0106,0.011771238200999444,1.0,0.6,3.557,2.0,0.6912644595133626,0.5199,0.39,CF SingleTree,0.02,jaccard_distance
feature_0 > -0.05 AND feature_0 > 0.81 AND feature_1 > 1.451,2.27,0.0,,,3,150,0.015,0.01665741254858412,0.97,0.58,3.431,2.0,0.6912644595133626,0.5199,0.38,CF SingleTree,0.02,jaccard_distance
feature_0 > -0.05 AND feature_0 > 0.81 AND feature_1 > 1.451 AND feature_1 <= 1.617,2.102,0.0,,,4,44,0.0044,0.0048861743475846755,0.9,0.54,3.128,2.0,0.6912644595133626,0.5199,0.34,CF SingleTree,0.02,jaccard_distance
feature_0 > -0.05,1.283,0.494,,,1,5199,0.5199,0.5773459189339256,0.55,0.53,1.562,1.0,0.6912644595133626,0.5199,0.37,CF SingleTree,0.02,jaccard_distance
feature_0 > -0.05 AND feature_0 > 0.81,1.656,0.197,,,2,2022,0.2022,0.22454192115491395,0.71,0.5,2.198,1.0,0.6912644595133626,0.5199,0.32,CF SingleTree,0.02,jaccard_distance
feature_0 > 2.09 AND feature_0 < 3.59 AND feature_1 > 0.38 AND feature_1 < 3.38,3.849,0.005,,,4,74,0.0074,0.0082176568573015,1.0,0.6,3.849,2.0,0.4370179948586118,0.017,0.42,Brute Force (Oracle),9.32,jaccard_distance
feature_0 > 1.59 AND feature_0 < 3.59 AND feature_1 > 0.88 AND feature_1 < 2.88,3.776,0.005,,,4,99,0.0099,0.010993892282065518,0.98,0.59,3.776,2.0,0.4370179948586118,0.017,0.42,Brute Force (Oracle),9.32,jaccard_distance
feature_0 > 2.09 AND feature_1 > -0.12 AND feature_1 < 2.88,3.65,0.009,,,3,109,0.0109,0.012104386451971127,0.95,0.57,3.65,2.0,0.4370179948586118,0.017,0.4,Brute Force (Oracle),9.32,jaccard_distance
feature_0 > 2.09 AND feature_0 < 2.59 AND feature_1 > 0.38,3.646,0.004,,,3,54,0.0054,0.005996668517490283,0.95,0.57,3.646,2.0,0.4370179948586118,0.017,0.4,Brute Force (Oracle),9.32,jaccard_distance
feature_0 > 2.09 AND feature_1 > 0.38 AND feature_1 < 1.38,3.632,0.005,,,3,53,0.0053,0.005885619100499722,0.94,0.57,3.632,2.0,0.4370179948586118,0.017,0.4,Brute Force (Oracle),9.32,jaccard_distance
feature_3 > -0.969 AND feature_0 > 0.15 AND feature_0 <= 1.816 AND feature_1 <= -0.273 AND feature_6 <= -0.888 AND feature_4 > 0.233,3.311,1.0,0.1,3.41,6,104,0.0104,0.012954658694569009,1.0,1.0,1.165,5.0,1.0,0.0703,0.53,CT on D,0.15000000000000002,overlap_coefficient
feature_3 > -0.969 AND feature_0 > 0.15 AND feature_0 > 1.816 AND feature_0 <= 2.025,3.186,1.0,0.95,4.13,4,144,0.0144,0.017937219730941704,0.96,0.98,2.702,2.0,1.0,0.0703,0.7,CT on D,0.15000000000000002,overlap_coefficient
feature_3 > -0.969 AND feature_0 <= 0.15 AND feature_0 <= -0.657 AND feature_0 <= -1.838 AND feature_1 <= 0.257,3.027,1.0,2.65,-0.37,5,168,0.0168,0.018656302054414216,0.91,0.95,1.814,3.0,1.0,0.0703,0.6,CT on D,0.15000000000000002,overlap_coefficient
feature_3 > -0.969 AND feature_0 > 0.15 AND feature_0 <= 1.816 AND feature_1 > -0.273 AND feature_9 <= -1.35,3.01,1.0,0.16,3.17,5,170,0.017,0.021175884404583956,0.91,0.95,1.839,4.0,1.0,0.0703,0.6,CT on D,0.15000000000000002,overlap_coefficient
feature_3 <= -0.969 AND feature_8 > -0.584 AND feature_3 > -1.83 AND feature_0 > 1.134,2.939,1.0,0.4,3.34,4,117,0.0117,0.014573991031390135,0.89,0.93,2.458,3.0,1.0,0.0703,0.67,CT on D,0.15000000000000002,overlap_coefficient
feature_3 > -1.556 AND feature_0 > -0.002 AND feature_1 > 1.249 AND feature_9 > -0.441 AND feature_1 > 1.586,4.706,0.737,1.14,5.85,5,179,0.0179,0.025666762259822198,1.0,0.89,2.957,4.0,0.9051008303677343,0.0763,0.62,CT on P,0.48,overlap_coefficient
feature_3 > -0.729 AND feature_7 <= 2.182 AND feature_0 > -0.096 AND feature_3 <= -0.476 AND feature_6 > -0.358 AND feature_2 > 0.26,4.222,0.871,-0.75,3.47,6,116,0.0116,0.012881732370905053,0.9,0.89,1.595,5.0,0.9051008303677343,0.0763,0.52,CT on P,0.48,overlap_coefficient
feature_3 > -0.729 AND feature_7 <= 2.182 AND feature_0 <= -0.096 AND feature_0 <= -1.354 AND feature_1 <= 0.514 AND feature_0 <= -2.123,3.377,1.0,2.94,-0.44,6,102,0.0102,0.011327040533037201,0.72,0.83,1.97,4.0,0.9051008303677343,0.0763,0.62,CT on P,0.48,overlap_coefficient
feature_7 <= 0.947 AND feature_5 > -2.168 AND feature_0 > 0.186 AND feature_1 > -0.27 AND feature_0 > 1.393 AND feature_3 <= 0.692,3.347,1.0,1.05,4.39,6,294,0.0294,0.03662182361733931,0.71,0.83,2.994,5.0,0.9051008303677343,0.0763,0.73,CT on P,0.48,overlap_coefficient
feature_3 > -0.729 AND feature_7 <= 2.182 AND feature_0 > -0.096 AND feature_3 > -0.476 AND feature_0 > 1.393 AND feature_5 <= -0.596,3.202,0.934,0.84,4.04,6,152,0.0152,0.016879511382565243,0.68,0.78,2.591,4.0,0.9051008303677343,0.0763,0.66,CT on P,0.48,overlap_coefficient
feature_0 > 0.823 AND feature_1 > 1.489 AND feature_9 <= -0.382,54.203,1.0,,,3,36,0.0036,0.004484304932735426,1.0,1.0,3.493,3.0,0.8128342245989305,0.0152,0.78,CF,1.48,overlap_coefficient
feature_0 > 0.262 AND feature_1 > 1.416 AND feature_0 <= 0.509 AND feature_3 <= 0.283,16.552,1.0,,,4,37,0.0037,0.004608868958644744,0.31,0.58,2.527,3.0,0.8128342245989305,0.0152,0.68,CF,1.48,overlap_coefficient
feature_0 > 0.256 AND feature_1 > 1.581 AND feature_4 <= 0.138 AND feature_5 > 0.127,7.635,1.0,,,4,51,0.0051,0.006352765321375187,0.14,0.48,3.218,4.0,0.8128342245989305,0.0152,0.75,CF,1.48,overlap_coefficient
feature_0 > 0.666 AND feature_1 > 1.41 AND feature_2 > -0.134 AND feature_0 > 1.416,7.195,1.0,,,4,33,0.0033,0.004110612855007474,0.13,0.48,3.967,3.0,0.8128342245989305,0.0152,0.83,CF,1.48,overlap_coefficient
feature_0 > 0.497 AND feature_1 > 1.434 AND feature_8 <= -1.138,7.03,1.0,,,3,30,0.003,0.0037369207772795215,0.13,0.48,3.154,3.0,0.8128342245989305,0.0152,0.75,CF,1.48,overlap_coefficient
feature_0 > -0.05 AND feature_0 > 0.81 AND feature_1 > 1.451 AND feature_1 > 1.617,2.341,1.0,,,4,106,0.0106,0.013203786746387643,1.0,1.0,3.557,2.0,0.8833592534992224,0.1136,0.79,CF SingleTree,0.02,overlap_coefficient
feature_0 > -0.05 AND feature_0 > 0.81 AND feature_1 > 1.451,2.27,1.0,,,3,150,0.015,0.01868460388639761,0.97,0.98,3.431,2.0,0.8833592534992224,0.1136,0.78,CF SingleTree,0.02,overlap_coefficient
feature_0 > -0.05 AND feature_0 > 0.81 AND feature_1 > 1.451 AND feature_1 <= 1.617,2.102,1.0,,,4,44,0.0044,0.005480817140009965,0.9,0.94,3.128,2.0,0.8833592534992224,0.1136,0.74,CF SingleTree,0.02,overlap_coefficient
feature_0 > -0.05 AND feature_0 <= 0.81 AND feature_1 > 1.387 AND feature_0 > 0.182,1.806,1.0,,,4,175,0.0175,0.021798704534130544,0.77,0.86,2.471,2.0,0.8833592534992224,0.1136,0.67,CF SingleTree,0.02,overlap_coefficient
feature_0 > -0.05 AND feature_0 > 0.81 AND feature_1 <= 1.451 AND feature_0 > 1.35,1.734,1.0,,,4,811,0.0811,0.10102142501245641,0.74,0.84,2.533,2.0,0.8833592534992224,0.1136,0.68,CF SingleTree,0.02,overlap_coefficient
feature_0 > 2.09 AND feature_0 < 3.59 AND feature_1 > 0.38 AND feature_1 < 3.38,3.849,1.0,,,4,74,0.0074,0.009217737917289488,1.0,1.0,3.849,2.0,0.4370179948586118,0.017,0.82,Brute Force (Oracle),9.09,overlap_coefficient
feature_0 > 1.59 AND feature_1 > 0.88,3.776,1.0,,,2,99,0.0099,0.01233183856502242,0.98,0.99,3.776,2.0,0.4370179948586118,0.017,0.81,Brute Force (Oracle),9.09,overlap_coefficient
feature_0 > 2.09 AND feature_1 > -0.12,3.65,1.0,,,2,109,0.0109,0.013577478824115596,0.95,0.97,3.65,2.0,0.4370179948586118,0.017,0.8,Brute Force (Oracle),9.09,overlap_coefficient
feature_0 > 2.09 AND feature_0 < 2.59 AND feature_1 > 0.38,3.646,1.0,,,3,54,0.0054,0.006726457399103139,0.95,0.97,3.646,2.0,0.4370179948586118,0.017,0.8,Brute Force (Oracle),9.09,overlap_coefficient
feature_0 > 2.09 AND feature_1 > 0.38 AND feature_1 < 1.38,3.632,1.0,,,3,53,0.0053,0.0066018933731938215,0.94,0.97,3.632,2.0,0.4370179948586118,0.017,0.8,Brute Force (Oracle),9.09,overlap_coefficient
feature_3 > -0.969 AND feature_0 > 0.15 AND feature_0 <= 1.816 AND feature_1 <= -0.273 AND feature_6 <= -0.888 AND feature_4 > 0.233,3.311,1.0,0.1,3.41,6,104,0.0104,0.012954658694569009,1.0,1.0,1.165,5.0,1.0,0.0703,0.53,CT on D,0.18000000000000002,jaccard_distance
feature_3 > -0.969 AND feature_0 > 0.15 AND feature_0 > 1.816 AND feature_0 <= 2.025,3.186,1.0,0.95,4.13,4,144,0.0144,0.017937219730941704,0.96,0.98,2.702,2.0,1.0,0.0703,0.7,CT on D,0.18000000000000002,jaccard_distance
feature_3 > -0.969 AND feature_0 <= 0.15 AND feature_0 <= -0.657 AND feature_0 <= -1.838 AND feature_1 <= 0.257,3.027,1.0,2.65,-0.37,5,168,0.0168,0.018656302054414216,0.91,0.95,1.814,3.0,1.0,0.0703,0.6,CT on D,0.18000000000000002,jaccard_distance
feature_3 > -0.969 AND feature_0 > 0.15 AND feature_0 <= 1.816 AND feature_1 > -0.273 AND feature_9 <= -1.35,3.01,1.0,0.16,3.17,5,170,0.017,0.021175884404583956,0.91,0.95,1.839,4.0,1.0,0.0703,0.6,CT on D,0.18000000000000002,jaccard_distance
feature_3 <= -0.969 AND feature_8 > -0.584 AND feature_3 > -1.83 AND feature_0 > 1.134,2.939,1.0,0.4,3.34,4,117,0.0117,0.014573991031390135,0.89,0.93,2.458,3.0,1.0,0.0703,0.67,CT on D,0.18000000000000002,jaccard_distance
feature_3 > -1.556 AND feature_0 > -0.002 AND feature_1 > 1.249 AND feature_9 > -0.441 AND feature_1 > 1.586,4.706,0.737,1.14,5.85,5,179,0.0179,0.025666762259822198,1.0,0.89,2.957,4.0,0.9051008303677343,0.0763,0.62,CT on P,0.58,jaccard_distance
feature_3 > -0.729 AND feature_7 <= 2.182 AND feature_0 > -0.096 AND feature_3 <= -0.476 AND feature_6 > -0.358 AND feature_2 > 0.26,4.222,0.871,-0.75,3.47,6,116,0.0116,0.012881732370905053,0.9,0.89,1.595,5.0,0.9051008303677343,0.0763,0.52,CT on P,0.58,jaccard_distance
feature_3 > -0.729 AND feature_7 <= 2.182 AND feature_0 <= -0.096 AND feature_0 <= -1.354 AND feature_1 <= 0.514 AND feature_0 <= -2.123,3.377,1.0,2.94,-0.44,6,102,0.0102,0.011327040533037201,0.72,0.83,1.97,4.0,0.9051008303677343,0.0763,0.62,CT on P,0.58,jaccard_distance
feature_7 <= 0.947 AND feature_5 > -2.168 AND feature_0 > 0.186 AND feature_1 > -0.27 AND feature_0 > 1.393 AND feature_3 <= 0.692,3.347,1.0,1.05,4.39,6,294,0.0294,0.03662182361733931,0.71,0.83,2.994,5.0,0.9051008303677343,0.0763,0.73,CT on P,0.58,jaccard_distance
feature_3 > -0.729 AND feature_7 <= 2.182 AND feature_0 > -0.096 AND feature_3 > -0.476 AND feature_0 > 1.393 AND feature_5 <= -0.596,3.202,0.934,0.84,4.04,6,152,0.0152,0.016879511382565243,0.68,0.78,2.591,4.0,0.9051008303677343,0.0763,0.66,CT on P,0.58,jaccard_distance
feature_0 > 0.823 AND feature_1 > 1.489 AND feature_9 <= -0.382,54.203,0.004,,,3,36,0.0036,0.004484304932735426,1.0,0.6,3.493,3.0,0.2974244856267328,0.8153,0.38,CF,1.49,jaccard_distance
feature_0 > -0.906,0.969,0.985,,,1,8153,0.8153,1.0155705032386646,0.02,0.4,1.13,1.0,0.2974244856267328,0.8153,0.52,CF,1.49,jaccard_distance
feature_0 > -0.693 AND feature_1 <= 1.453 AND feature_0 <= 1.605,1.024,0.804,,,3,6455,0.6455,0.8040607872446437,0.02,0.33,0.997,2.0,0.2974244856267328,0.8153,0.43,CF,1.49,jaccard_distance
feature_0 > -0.337,1.34,0.783,,,1,6284,0.6284,0.7827603388141505,0.02,0.33,1.402,1.0,0.2974244856267328,0.8153,0.47,CF,1.49,jaccard_distance
feature_0 > -0.906 AND feature_1 <= 1.082 AND feature_1 > -1.538,0.82,0.786,,,3,6484,0.6484,0.807673143996014,0.02,0.32,1.007,2.0,0.2974244856267328,0.8153,0.42,CF,1.49,jaccard_distance
feature_0 > -0.05 AND feature_0 > 0.81 AND feature_1 > 1.451 AND feature_1 > 1.617,2.341,0.013,,,4,106,0.0106,0.013203786746387643,1.0,0.61,3.557,2.0,0.6912644595133626,0.5199,0.39,CF SingleTree,0.02,jaccard_distance
feature_0 > -0.05 AND feature_0 > 0.81 AND feature_1 > 1.451,2.27,0.019,,,3,150,0.015,0.01868460388639761,0.97,0.59,3.431,2.0,0.6912644595133626,0.5199,0.38,CF SingleTree,0.02,jaccard_distance
feature_0 > -0.05,1.283,0.648,,,1,5199,0.5199,0.6476083707025411,0.55,0.59,1.562,1.0,0.6912644595133626,0.5199,0.43,CF SingleTree,0.02,jaccard_distance
feature_0 > -0.05 AND feature_0 > 0.81 AND feature_1 > 1.451 AND feature_1 <= 1.617,2.102,0.005,,,4,44,0.0044,0.005480817140009965,0.9,0.54,3.128,2.0,0.6912644595133626,0.5199,0.34,CF SingleTree,0.02,jaccard_distance
feature_0 > -0.05 AND feature_0 > 0.81,1.656,0.252,,,2,2022,0.2022,0.25186846038863975,0.71,0.53,2.198,1.0,0.6912644595133626,0.5199,0.34,CF SingleTree,0.02,jaccard_distance
feature_0 > 2.09 AND feature_0 < 3.59 AND feature_1 > 0.38 AND feature_1 < 3.38,3.849,0.009,,,4,74,0.0074,0.009217737917289488,1.0,0.6,3.849,2.0,0.5296703296703297,0.0241,0.42,Brute Force (Oracle),9.05,jaccard_distance
feature_0 > 1.59 AND feature_0 < 3.59 AND feature_1 > 0.88 AND feature_1 < 3.38,3.776,0.012,,,4,99,0.0099,0.01233183856502242,0.98,0.59,3.776,2.0,0.5296703296703297,0.0241,0.42,Brute Force (Oracle),9.05,jaccard_distance
feature_0 > 2.09 AND feature_1 > -0.12,3.65,0.014,,,2,109,0.0109,0.013577478824115596,0.95,0.57,3.65,2.0,0.5296703296703297,0.0241,0.4,Brute Force (Oracle),9.05,jaccard_distance
feature_0 > 2.09 AND feature_0 < 2.59 AND feature_1 > 0.38 AND feature_1 < 3.38,3.646,0.007,,,4,54,0.0054,0.006726457399103139,0.95,0.57,3.646,2.0,0.5296703296703297,0.0241,0.4,Brute Force (Oracle),9.05,jaccard_distance
feature_0 > 1.09 AND feature_0 < 3.09 AND feature_1 > 1.38,3.622,0.015,,,3,119,0.0119,0.014823119083208769,0.94,0.57,3.622,2.0,0.5296703296703297,0.0241,0.4,Brute Force (Oracle),9.05,jaccard_distance
